Index,Date_Observed,Day,TrapOrder,Waterbody,Site_ID,Site_Name,Site_Info,Trap_Number,Site.Elev.mllw,Latitude,Longitude,SiteNorthing,Trap_Type,Trap_Info,Species,Sex,CW_mm,Notes
45,8/7/25,1,1,Willapa Bay,,Stackpole,Low,1244G,0.98,46.59316,-124.02534,5160482.75,Fukui,,CAMA,Male,80,
46,8/7/25,1,1,Willapa Bay,,Stackpole,Low,1244G,0.98,46.59316,-124.02534,5160482.75,Fukui,,CAMA,Male,63,
47,8/7/25,1,1,Willapa Bay,,Stackpole,Low,1244G,0.98,46.59316,-124.02534,5160482.75,Fukui,,CAMA,Female,44,
48,8/7/25,1,1,Willapa Bay,,Stackpole,Low,1244G,0.98,46.59316,-124.02534,5160482.75,Fukui,,CAMA,Male,78,
49,8/7/25,1,1,Willapa Bay,,Stackpole,Low,1244G,0.98,46.59316,-124.02534,5160482.75,Fukui,,CAMA,Male,71,
50,8/7/25,1,1,Willapa Bay,,Stackpole,Low,1244G,0.98,46.59316,-124.02534,5160482.75,Fukui,,CAMA,Male,76,
51,8/7/25,1,1,Willapa Bay,,Stackpole,Low,1244G,0.98,46.59316,-124.02534,5160482.75,Fukui,,CAMA,Male,75,
52,8/7/25,1,1,Willapa Bay,,Stackpole,Low,1244G,0.98,46.59316,-124.02534,5160482.75,Fukui,,CAMA,Female,70,
53,8/7/25,1,1,Willapa Bay,,Stackpole,Low,1244G,0.98,46.59316,-124.02534,5160482.75,Fukui,,CAMA,Female,56,
31,8/7/25,1,3,Willapa Bay,,Stackpole,Low,21004R,0.98,46.59367,-124.02582,5160482.75,Fukui,,CAMA,Male,72,
32,8/7/25,1,3,Willapa Bay,,Stackpole,Low,21004R,0.98,46.59367,-124.02582,5160482.75,Fukui,,CAMA,Male,61,
33,8/7/25,1,3,Willapa Bay,,Stackpole,Low,21004R,0.98,46.59367,-124.02582,5160482.75,Fukui,,CAMA,Male,81,
34,8/7/25,1,3,Willapa Bay,,Stackpole,Low,21004R,0.98,46.59367,-124.02582,5160482.75,Fukui,,CAMA,Male,77,
85,8/7/25,1,5,Willapa Bay,,Stackpole,Low,21005R,0.98,46.5935,-124.02569,5160482.75,Fukui,,CAMA,Female,56,
86,8/7/25,1,5,Willapa Bay,,Stackpole,Low,21005R,0.98,46.5935,-124.02569,5160482.75,Fukui,,CAMA,Male,75,
87,8/7/25,1,5,Willapa Bay,,Stackpole,Low,21005R,0.98,46.5935,-124.02569,5160482.75,Fukui,,CAMA,Female,70,
88,8/7/25,1,5,Willapa Bay,,Stackpole,Low,21005R,0.98,46.5935,-124.02569,5160482.75,Fukui,,CAMA,Female,63,
89,8/7/25,1,5,Willapa Bay,,Stackpole,Low,21005R,0.98,46.5935,-124.02569,5160482.75,Fukui,,CAMA,Female,61,
90,8/7/25,1,5,Willapa Bay,,Stackpole,Low,21005R,0.98,46.5935,-124.02569,5160482.75,Fukui,,CAMA,Male,65,
91,8/7/25,1,5,Willapa Bay,,Stackpole,Low,21005R,0.98,46.5935,-124.02569,5160482.75,Fukui,,CAMA,Female,63,
92,8/7/25,1,5,Willapa Bay,,Stackpole,Low,21005R,0.98,46.5935,-124.02569,5160482.75,Fukui,,CAMA,Female,49,
93,8/7/25,1,5,Willapa Bay,,Stackpole,Low,21005R,0.98,46.5935,-124.02569,5160482.75,Fukui,,CAMA,Female,52,
94,8/7/25,1,5,Willapa Bay,,Stackpole,Low,21005R,0.98,46.5935,-124.02569,5160482.75,Fukui,,CAMA,Female,56,
95,8/7/25,1,5,Willapa Bay,,Stackpole,Low,21005R,0.98,46.5935,-124.02569,5160482.75,Fukui,,CAMA,Male,67,
96,8/7/25,1,5,Willapa Bay,,Stackpole,Low,21005R,0.98,46.5935,-124.02569,5160482.75,Fukui,,CAMA,Female,64,
29,8/7/25,1,7,Willapa Bay,,Stackpole,Low,21006R,0.98,46.5938,-124.0259,5160482.75,Fukui,,CAMA,Male,68,
43,8/7/25,1,2,Willapa Bay,,Stackpole,Low,21013R,0.98,46.59322,-124.02543,5160482.75,Minnow,,CAMA,Female,58,
44,8/7/25,1,2,Willapa Bay,,Stackpole,Low,21013R,0.98,46.59322,-124.02543,5160482.75,Minnow,,CAMA,Male,63,
35,8/7/25,1,4,Willapa Bay,,Stackpole,Low,21033R,0.98,46.59375,-124.02587,5160482.75,Minnow,,CAMA,Female,55,
36,8/7/25,1,4,Willapa Bay,,Stackpole,Low,21033R,0.98,46.59375,-124.02587,5160482.75,Minnow,,CAMA,Female,58,
37,8/7/25,1,4,Willapa Bay,,Stackpole,Low,21033R,0.98,46.59375,-124.02587,5160482.75,Minnow,,CAMA,Female,55,
38,8/7/25,1,4,Willapa Bay,,Stackpole,Low,21033R,0.98,46.59375,-124.02587,5160482.75,Minnow,,CAMA,Female,55,
39,8/7/25,1,6,Willapa Bay,,Stackpole,Low,21036R,0.98,46.59339,-124.02559,5160482.75,Minnow,,CAMA,Male,70,
40,8/7/25,1,6,Willapa Bay,,Stackpole,Low,21036R,0.98,46.59339,-124.02559,5160482.75,Minnow,,CAMA,Female,57,
41,8/7/25,1,6,Willapa Bay,,Stackpole,Low,21036R,0.98,46.59339,-124.02559,5160482.75,Minnow,,CAMA,Female,55,
42,8/7/25,1,6,Willapa Bay,,Stackpole,Low,21036R,0.98,46.59339,-124.02559,5160482.75,Minnow,,CAMA,Female,57,
30,8/7/25,1,8,Willapa Bay,,Stackpole,Low,21072R,0.98,46.59332,-124.02549,5160482.75,Fukui,,CAMA,NA,74,SEX NOT DETERMINED
27,8/7/25,1,9,Willapa Bay,,Stackpole,Low,21104R,0.98,46.59358,-124.02576,5160482.75,Minnow,,CAMA,Female,61,
28,8/7/25,1,9,Willapa Bay,,Stackpole,Low,21104R,0.98,46.59358,-124.02576,5160482.75,Minnow,,CAMA,Female,61,
54,8/7/25,1,10,Willapa Bay,,Stackpole,Low,21195R,0.98,46.59306,-124.02526,5160482.75,Minnow,,CAMA,Male,60,
55,8/7/25,1,10,Willapa Bay,,Stackpole,Low,21195R,0.98,46.59306,-124.02526,5160482.75,Minnow,,CAMA,Female,61,
56,8/7/25,1,10,Willapa Bay,,Stackpole,Low,21195R,0.98,46.59306,-124.02526,5160482.75,Minnow,,CAMA,Female,50,
70,8/7/25,1,11,Willapa Bay,,Stackpole,Marsh,1201G,1.84,46.59263,-124.03059,5160482.75,Fukui,,CAMA,Male,68,
71,8/7/25,1,11,Willapa Bay,,Stackpole,Marsh,1201G,1.84,46.59263,-124.03059,5160482.75,Fukui,,CAMA,Male,63,Missing abdomen
72,8/7/25,1,11,Willapa Bay,,Stackpole,Marsh,1201G,1.84,46.59263,-124.03059,5160482.75,Fukui,,CAMA,Male,64,
73,8/7/25,1,11,Willapa Bay,,Stackpole,Marsh,1201G,1.84,46.59263,-124.03059,5160482.75,Fukui,,CAMA,Female,47,
74,8/7/25,1,11,Willapa Bay,,Stackpole,Marsh,1201G,1.84,46.59263,-124.03059,5160482.75,Fukui,,CAMA,Male,69,Missing maxilloped
75,8/7/25,1,11,Willapa Bay,,Stackpole,Marsh,1201G,1.84,46.59263,-124.03059,5160482.75,Fukui,,CAMA,Male,38,
76,8/7/25,1,11,Willapa Bay,,Stackpole,Marsh,1201G,1.84,46.59263,-124.03059,5160482.75,Fukui,,CAMA,Male,57,
77,8/7/25,1,13,Willapa Bay,,Stackpole,Marsh,1219G,1.84,46.59242,-124.03051,5160482.75,Fukui,,CAMA,Male,50,
78,8/7/25,1,13,Willapa Bay,,Stackpole,Marsh,1219G,1.84,46.59242,-124.03051,5160482.75,Fukui,,CAMA,Male,33,
65,8/7/25,1,12,Willapa Bay,,Stackpole,Marsh,21024R,1.84,46.59197,-124.0298,5160482.75,Minnow,,CAMA,Male,59,
66,8/7/25,1,12,Willapa Bay,,Stackpole,Marsh,21024R,1.84,46.59197,-124.0298,5160482.75,Minnow,,CAMA,Female,50,
57,8/7/25,1,14,Willapa Bay,,Stackpole,Marsh,21046R,1.84,46.59203,-124.03002,5160482.75,Minnow,,CAMA,Male,56,
58,8/7/25,1,14,Willapa Bay,,Stackpole,Marsh,21046R,1.84,46.59203,-124.03002,5160482.75,Minnow,,CAMA,Male,52,
59,8/7/25,1,15,Willapa Bay,,Stackpole,Marsh,21066R,1.84,46.59209,-124.03014,5160482.75,Fukui,,CAMA,Male,61,
60,8/7/25,1,15,Willapa Bay,,Stackpole,Marsh,21066R,1.84,46.59209,-124.03014,5160482.75,Fukui,,CAMA,Female,45,
67,8/7/25,1,16,Willapa Bay,,Stackpole,Marsh,21073R,1.84,46.59216,-124.03024,5160482.75,Minnow,,CAMA,Female,54,
68,8/7/25,1,16,Willapa Bay,,Stackpole,Marsh,21073R,1.84,46.59216,-124.03024,5160482.75,Minnow,,CAMA,Male,62,
69,8/7/25,1,16,Willapa Bay,,Stackpole,Marsh,21073R,1.84,46.59216,-124.03024,5160482.75,Minnow,,CAMA,Male,50,
79,8/7/25,1,18,Willapa Bay,,Stackpole,Marsh,21078R,1.84,46.5925,-124.03053,5160482.75,Minnow,,CAMA,Male,31,
80,8/7/25,1,18,Willapa Bay,,Stackpole,Marsh,21078R,1.84,46.5925,-124.03053,5160482.75,Minnow,,CAMA,Female,40,
81,8/7/25,1,18,Willapa Bay,,Stackpole,Marsh,21078R,1.84,46.5925,-124.03053,5160482.75,Minnow,,CAMA,Male,41,
82,8/7/25,1,18,Willapa Bay,,Stackpole,Marsh,21078R,1.84,46.5925,-124.03053,5160482.75,Minnow,,CAMA,Male,54,
83,8/7/25,1,17,Willapa Bay,,Stackpole,Marsh,21099R,1.84,46.5923,-124.03062,5160482.75,Fukui,,CAMA,Female,59,
84,8/7/25,1,17,Willapa Bay,,Stackpole,Marsh,21099R,1.84,46.5923,-124.03062,5160482.75,Fukui,,CAMA,Male,45,
61,8/7/25,1,19,Willapa Bay,,Stackpole,Marsh,21117R,1.84,46.59198,-124.0299,5160482.75,Fukui,,CAMA,Male,80,
62,8/7/25,1,19,Willapa Bay,,Stackpole,Marsh,21117R,1.84,46.59198,-124.0299,5160482.75,Fukui,,CAMA,Female,49,
63,8/7/25,1,19,Willapa Bay,,Stackpole,Marsh,21117R,1.84,46.59198,-124.0299,5160482.75,Fukui,,CAMA,Female,57,
64,8/7/25,1,19,Willapa Bay,,Stackpole,Marsh,21117R,1.84,46.59198,-124.0299,5160482.75,Fukui,,CAMA,Male,50,
10,8/7/25,1,20,Willapa Bay,,Stackpole,Mid,1217G,1.27,46.59278,-124.0283,5160482.75,Fukui,,CAMA,Male,67,
11,8/7/25,1,20,Willapa Bay,,Stackpole,Mid,1217G,1.27,46.59278,-124.0283,5160482.75,Fukui,,CAMA,Male,60,
12,8/7/25,1,20,Willapa Bay,,Stackpole,Mid,1217G,1.27,46.59278,-124.0283,5160482.75,Fukui,,CAMA,Male,68,
21,8/7/25,1,22,Willapa Bay,,Stackpole,Mid,1248G,1.27,46.59302,-124.02846,5160482.75,Fukui,,CAMA,Male,50,
1,8/7/25,1,24,Willapa Bay,,Stackpole,Mid,1260G,1.27,46.59322,-124.02859,5160482.75,Fukui,,CAMA,Female,23,
2,8/7/25,1,24,Willapa Bay,,Stackpole,Mid,1260G,1.27,46.59322,-124.02859,5160482.75,Fukui,,CAMA,Male,60,
3,8/7/25,1,24,Willapa Bay,,Stackpole,Mid,1260G,1.27,46.59322,-124.02859,5160482.75,Fukui,,CAMA,Male,45,
4,8/7/25,1,24,Willapa Bay,,Stackpole,Mid,1260G,1.27,46.59322,-124.02859,5160482.75,Fukui,,CAMA,Male,46,
5,8/7/25,1,24,Willapa Bay,,Stackpole,Mid,1260G,1.27,46.59322,-124.02859,5160482.75,Fukui,,CAMA,Female,58,
6,8/7/25,1,24,Willapa Bay,,Stackpole,Mid,1260G,1.27,46.59322,-124.02859,5160482.75,Fukui,,CAMA,Female,57,
7,8/7/25,1,24,Willapa Bay,,Stackpole,Mid,1260G,1.27,46.59322,-124.02859,5160482.75,Fukui,,CAMA,Female,57,
8,8/7/25,1,24,Willapa Bay,,Stackpole,Mid,1260G,1.27,46.59322,-124.02859,5160482.75,Fukui,,CAMA,Male,64,
9,8/7/25,1,24,Willapa Bay,,Stackpole,Mid,1260G,1.27,46.59322,-124.02859,5160482.75,Fukui,,CAMA,Female,51,
16,8/7/25,1,26,Willapa Bay,,Stackpole,Mid,1281G,1.27,46.5923,-124.0281,5160482.75,Fukui,,CAMA,Male,46,
17,8/7/25,1,26,Willapa Bay,,Stackpole,Mid,1281G,1.27,46.5923,-124.0281,5160482.75,Fukui,,CAMA,Male,62,
18,8/7/25,1,26,Willapa Bay,,Stackpole,Mid,1281G,1.27,46.5923,-124.0281,5160482.75,Fukui,,CAMA,Male,49,
20,8/7/25,1,28,Willapa Bay,,Stackpole,Mid,1287G,1.27,46.5926,-124.02821,5160482.75,Fukui,,CAMA,Female,54,
23,8/7/25,1,21,Willapa Bay,,Stackpole,Mid,21029R,1.27,46.5929,-124.02838,5160482.75,Minnow,,CAMA,Male,51,
24,8/7/25,1,21,Willapa Bay,,Stackpole,Mid,21029R,1.27,46.5929,-124.02838,5160482.75,Minnow,,CAMA,Male,61,
25,8/7/25,1,21,Willapa Bay,,Stackpole,Mid,21029R,1.27,46.5929,-124.02838,5160482.75,Minnow,,CAMA,Male,48,
26,8/7/25,1,21,Willapa Bay,,Stackpole,Mid,21029R,1.27,46.5929,-124.02838,5160482.75,Minnow,,CAMA,Male,62,
22,8/7/25,1,23,Willapa Bay,,Stackpole,Mid,21039R,1.27,46.59269,-124.02823,5160482.75,Minnow,,CAMA,Male,50,
19,8/7/25,1,25,Willapa Bay,,Stackpole,Mid,21060R,1.27,46.59217,-124.02802,5160482.75,Minnow,,CAMA,Male,43,
13,8/7/25,1,27,Willapa Bay,,Stackpole,Mid,21103R,1.27,46.59312,-124.0285,5160482.75,Minnow,,CAMA,Female,65,Hole in shell
14,8/7/25,1,27,Willapa Bay,,Stackpole,Mid,21103R,1.27,46.59312,-124.0285,5160482.75,Minnow,,CAMA,Male,56,
15,8/7/25,1,27,Willapa Bay,,Stackpole,Mid,21103R,1.27,46.59312,-124.0285,5160482.75,Minnow,,CAMA,Male,47,
167,8/7/25,1,29,Willapa Bay,,Woodys,Low,1249G,-0.02,46.42523,-124.01386,5141871.57,Fukui,,CAMA,Male,80,
97,8/7/25,1,31,Willapa Bay,,Woodys,Low,1259G,-0.02,46.4255,-124.01394,5141871.57,Fukui,,CAMA,Female,57,
98,8/7/25,1,31,Willapa Bay,,Woodys,Low,1259G,-0.02,46.4255,-124.01394,5141871.57,Fukui,,CAMA,Female,67,
99,8/7/25,1,31,Willapa Bay,,Woodys,Low,1259G,-0.02,46.4255,-124.01394,5141871.57,Fukui,,CAMA,Female,64,
100,8/7/25,1,31,Willapa Bay,,Woodys,Low,1259G,-0.02,46.4255,-124.01394,5141871.57,Fukui,,CAMA,Female,60,
177,8/7/25,1,33,Willapa Bay,,Woodys,Low,1267G,-0.02,46.4248,-124.01373,5141871.57,Fukui,,CAMA,Female,76,
178,8/7/25,1,33,Willapa Bay,,Woodys,Low,1267G,-0.02,46.4248,-124.01373,5141871.57,Fukui,,CAMA,Male,70,
179,8/7/25,1,33,Willapa Bay,,Woodys,Low,1267G,-0.02,46.4248,-124.01373,5141871.57,Fukui,,CAMA,Female,70,
180,8/7/25,1,33,Willapa Bay,,Woodys,Low,1267G,-0.02,46.4248,-124.01373,5141871.57,Fukui,,CAMA,Male,69,
181,8/7/25,1,33,Willapa Bay,,Woodys,Low,1267G,-0.02,46.4248,-124.01373,5141871.57,Fukui,,CAMA,Male,70,
182,8/7/25,1,33,Willapa Bay,,Woodys,Low,1267G,-0.02,46.4248,-124.01373,5141871.57,Fukui,,CAMA,Male,67,
183,8/7/25,1,33,Willapa Bay,,Woodys,Low,1267G,-0.02,46.4248,-124.01373,5141871.57,Fukui,,CAMA,Female,58,
184,8/7/25,1,33,Willapa Bay,,Woodys,Low,1267G,-0.02,46.4248,-124.01373,5141871.57,Fukui,,CAMA,Male,69,
185,8/7/25,1,33,Willapa Bay,,Woodys,Low,1267G,-0.02,46.4248,-124.01373,5141871.57,Fukui,,CAMA,Male,77,
174,8/7/25,1,30,Willapa Bay,,Woodys,Low,21015R,-0.02,46.42494,-124.01375,5141871.57,Minnow,,CAMA,Male,63,
175,8/7/25,1,30,Willapa Bay,,Woodys,Low,21015R,-0.02,46.42494,-124.01375,5141871.57,Minnow,,CAMA,Male,60,
101,8/7/25,1,32,Willapa Bay,,Woodys,Low,21030R,-0.02,46.426,-124.01397,5141871.57,Minnow,,CAMA,Female,56,
102,8/7/25,1,32,Willapa Bay,,Woodys,Low,21030R,-0.02,46.426,-124.01397,5141871.57,Minnow,,CAMA,Female,63,
166,8/7/25,1,35,Willapa Bay,,Woodys,Low,21041R,-0.02,46.42535,-124.01388,5141871.57,Minnow,,CAMA,Male,61,
170,8/7/25,1,36,Willapa Bay,,Woodys,Low,21083R,-0.02,46.42504,-124.01379,5141871.57,Fukui,,CAMA,Male,77,Hole in carapace
171,8/7/25,1,36,Willapa Bay,,Woodys,Low,21083R,-0.02,46.42504,-124.01379,5141871.57,Fukui,,CAMA,Female,60,
172,8/7/25,1,36,Willapa Bay,,Woodys,Low,21083R,-0.02,46.42504,-124.01379,5141871.57,Fukui,,CAMA,Female,67,
173,8/7/25,1,36,Willapa Bay,,Woodys,Low,21083R,-0.02,46.42504,-124.01379,5141871.57,Fukui,,CAMA,Male,84,
104,8/7/25,1,37,Willapa Bay,,Woodys,Low,21120R,-0.02,46.42583,-124.01398,5141871.57,Fukui,,CAMA,Female,62,
107,8/7/25,1,38,Willapa Bay,,Woodys,Marsh,1209G,1.7,46.42629,-124.01952,5141871.57,Fukui,,CAMA,Male,64,
108,8/7/25,1,38,Willapa Bay,,Woodys,Marsh,1209G,1.7,46.42629,-124.01952,5141871.57,Fukui,,CAMA,Male,61,
109,8/7/25,1,40,Willapa Bay,,Woodys,Marsh,1209G,1.7,46.42629,-124.01952,5141871.57,Fukui,,CAMA,Female,51,
176,8/7/25,1,42,Willapa Bay,,Woodys,Marsh,1214G,1.7,46.42652,-124.01945,5141871.57,Fukui,,CAMA,Male,80,Missing fifth marginal tooth
123,8/7/25,1,44,Willapa Bay,,Woodys,Marsh,1240G,1.7,46.42684,-124.01944,5141871.57,Fukui,,CAMA,Male,68,
124,8/7/25,1,44,Willapa Bay,,Woodys,Marsh,1240G,1.7,46.42684,-124.01944,5141871.57,Fukui,,CAMA,Male,57,
125,8/7/25,1,44,Willapa Bay,,Woodys,Marsh,1240G,1.7,46.42684,-124.01944,5141871.57,Fukui,,CAMA,Male,54,
126,8/7/25,1,44,Willapa Bay,,Woodys,Marsh,1240G,1.7,46.42684,-124.01944,5141871.57,Fukui,,CAMA,Male,62,
127,8/7/25,1,44,Willapa Bay,,Woodys,Marsh,1240G,1.7,46.42684,-124.01944,5141871.57,Fukui,,CAMA,Male,40,
128,8/7/25,1,44,Willapa Bay,,Woodys,Marsh,1240G,1.7,46.42684,-124.01944,5141871.57,Fukui,,CAMA,Female,56,
129,8/7/25,1,44,Willapa Bay,,Woodys,Marsh,1240G,1.7,46.42684,-124.01944,5141871.57,Fukui,,CAMA,Male,56,
130,8/7/25,1,44,Willapa Bay,,Woodys,Marsh,1240G,1.7,46.42684,-124.01944,5141871.57,Fukui,,CAMA,Male,53,
137,8/7/25,1,46,Willapa Bay,,Woodys,Marsh,1426G,1.7,46.42601,-124.01944,5141871.57,Fukui,,CAMA,Female,53,
138,8/7/25,1,46,Willapa Bay,,Woodys,Marsh,1426G,1.7,46.42601,-124.01944,5141871.57,Fukui,,CAMA,Male,56,
139,8/7/25,1,46,Willapa Bay,,Woodys,Marsh,1426G,1.7,46.42601,-124.01944,5141871.57,Fukui,,CAMA,Female,53,
140,8/7/25,1,46,Willapa Bay,,Woodys,Marsh,1426G,1.7,46.42601,-124.01944,5141871.57,Fukui,,CAMA,Female,48,
141,8/7/25,1,46,Willapa Bay,,Woodys,Marsh,1426G,1.7,46.42601,-124.01944,5141871.57,Fukui,,CAMA,Male,58,
142,8/7/25,1,46,Willapa Bay,,Woodys,Marsh,1426G,1.7,46.42601,-124.01944,5141871.57,Fukui,,CAMA,Male,56,
143,8/7/25,1,46,Willapa Bay,,Woodys,Marsh,1426G,1.7,46.42601,-124.01944,5141871.57,Fukui,,CAMA,Male,55,
144,8/7/25,1,46,Willapa Bay,,Woodys,Marsh,1426G,1.7,46.42601,-124.01944,5141871.57,Fukui,,CAMA,Female,49,
145,8/7/25,1,46,Willapa Bay,,Woodys,Marsh,1426G,1.7,46.42601,-124.01944,5141871.57,Fukui,,CAMA,Female,53,
146,8/7/25,1,46,Willapa Bay,,Woodys,Marsh,1426G,1.7,46.42601,-124.01944,5141871.57,Fukui,,CAMA,Male,54,
147,8/7/25,1,46,Willapa Bay,,Woodys,Marsh,1426G,1.7,46.42601,-124.01944,5141871.57,Fukui,,CAMA,Female,55,
148,8/7/25,1,46,Willapa Bay,,Woodys,Marsh,1426G,1.7,46.42601,-124.01944,5141871.57,Fukui,,CAMA,Male,48,
149,8/7/25,1,46,Willapa Bay,,Woodys,Marsh,1426G,1.7,46.42601,-124.01944,5141871.57,Fukui,,CAMA,Female,52,
150,8/7/25,1,46,Willapa Bay,,Woodys,Marsh,1426G,1.7,46.42601,-124.01944,5141871.57,Fukui,,CAMA,Female,42,
110,8/7/25,1,39,Willapa Bay,,Woodys,Marsh,21025R,1.7,46.42692,-124.01953,5141871.57,Minnow,,CAMA,Male,65,Abdomen damaged
111,8/7/25,1,39,Willapa Bay,,Woodys,Marsh,21025R,1.7,46.42692,-124.01953,5141871.57,Minnow,,CAMA,Male,40,
114,8/7/25,1,41,Willapa Bay,,Woodys,Marsh,21028R,1.7,46.42715,-124.0197,5141871.57,Minnow,,CAMA,Female,52,
115,8/7/25,1,41,Willapa Bay,,Woodys,Marsh,21028R,1.7,46.42715,-124.0197,5141871.57,Minnow,,CAMA,Male,51,
116,8/7/25,1,41,Willapa Bay,,Woodys,Marsh,21028R,1.7,46.42715,-124.0197,5141871.57,Minnow,,CAMA,Female,51,
117,8/7/25,1,41,Willapa Bay,,Woodys,Marsh,21028R,1.7,46.42715,-124.0197,5141871.57,Minnow,,CAMA,Female,52,
118,8/7/25,1,41,Willapa Bay,,Woodys,Marsh,21028R,1.7,46.42715,-124.0197,5141871.57,Minnow,,CAMA,Female,57,
131,8/7/25,1,43,Willapa Bay,,Woodys,Marsh,21037R,1.7,46.42673,-124.0194,5141871.57,Minnow,,CAMA,Male,55,
132,8/7/25,1,45,Willapa Bay,,Woodys,Marsh,21043R,1.7,46.42616,-124.01957,5141871.57,Minnow,,CAMA,Male,49,
133,8/7/25,1,45,Willapa Bay,,Woodys,Marsh,21043R,1.7,46.42616,-124.01957,5141871.57,Minnow,,CAMA,Female,53,
134,8/7/25,1,45,Willapa Bay,,Woodys,Marsh,21043R,1.7,46.42616,-124.01957,5141871.57,Minnow,,CAMA,Male,54,
135,8/7/25,1,45,Willapa Bay,,Woodys,Marsh,21043R,1.7,46.42616,-124.01957,5141871.57,Minnow,,CAMA,Male,56,
136,8/7/25,1,45,Willapa Bay,,Woodys,Marsh,21043R,1.7,46.42616,-124.01957,5141871.57,Minnow,,CAMA,Female,46,
119,8/7/25,1,47,Willapa Bay,,Woodys,Marsh,21050R,1.7,46.42642,-124.01942,5141871.57,Minnow,,CAMA,Male,53,
120,8/7/25,1,47,Willapa Bay,,Woodys,Marsh,21050R,1.7,46.42642,-124.01942,5141871.57,Minnow,,CAMA,Male,35,
121,8/7/25,1,47,Willapa Bay,,Woodys,Marsh,21050R,1.7,46.42642,-124.01942,5141871.57,Minnow,,CAMA,Male,62,
122,8/7/25,1,47,Willapa Bay,,Woodys,Marsh,21050R,1.7,46.42642,-124.01942,5141871.57,Minnow,,CAMA,Female,50,
112,8/7/25,1,48,Willapa Bay,,Woodys,Marsh,21075R,1.7,46.42706,-124.01952,5141871.57,Fukui,,CAMA,Male,73,
113,8/7/25,1,48,Willapa Bay,,Woodys,Marsh,21075R,1.7,46.42706,-124.01952,5141871.57,Fukui,,CAMA,Female,30,
156,8/7/25,1,49,Willapa Bay,,Woodys,Mid,1261G,1.14,46.42486,-124.01728,5141871.57,Fukui,,CAMA,Female,34,
163,8/7/25,1,51,Willapa Bay,,Woodys,Mid,21007R,1.14,46.42516,-124.01734,5141871.57,Fukui,,CAMA,Male,32,
164,8/7/25,1,51,Willapa Bay,,Woodys,Mid,21007R,1.14,46.42516,-124.01734,5141871.57,Fukui,,CAMA,Female,27,
165,8/7/25,1,51,Willapa Bay,,Woodys,Mid,21007R,1.14,46.42516,-124.01734,5141871.57,Fukui,,CAMA,Male,34,
168,8/7/25,1,50,Willapa Bay,,Woodys,Mid,21017R,1.14,46.42584,-124.0175,5141871.57,Minnow,,CAMA,Male,33,
169,8/7/25,1,50,Willapa Bay,,Woodys,Mid,21017R,1.14,46.42584,-124.0175,5141871.57,Minnow,,CAMA,Female,32,
157,8/7/25,1,52,Willapa Bay,,Woodys,Mid,21027R,1.14,46.42532,-124.0174,5141871.57,Minnow,,CAMA,Female,54,
158,8/7/25,1,52,Willapa Bay,,Woodys,Mid,21027R,1.14,46.42532,-124.0174,5141871.57,Minnow,,CAMA,Male,29,
159,8/7/25,1,52,Willapa Bay,,Woodys,Mid,21027R,1.14,46.42532,-124.0174,5141871.57,Minnow,,CAMA,Male,24,
151,8/7/25,1,54,Willapa Bay,,Woodys,Mid,21048R,1.14,46.42558,-124.01741,5141871.57,Minnow,,CAMA,Male,30,
152,8/7/25,1,54,Willapa Bay,,Woodys,Mid,21048R,1.14,46.42558,-124.01741,5141871.57,Minnow,,CAMA,Female,22,
153,8/7/25,1,54,Willapa Bay,,Woodys,Mid,21048R,1.14,46.42558,-124.01741,5141871.57,Minnow,,CAMA,Male,20,
154,8/7/25,1,54,Willapa Bay,,Woodys,Mid,21048R,1.14,46.42558,-124.01741,5141871.57,Minnow,,CAMA,Male,36,
155,8/7/25,1,54,Willapa Bay,,Woodys,Mid,21048R,1.14,46.42558,-124.01741,5141871.57,Minnow,,CAMA,Male,31,
160,8/7/25,1,55,Willapa Bay,,Woodys,Mid,21052R,1.14,46.42609,-124.01756,5141871.57,Minnow,,CAMA,Female,31,
161,8/7/25,1,55,Willapa Bay,,Woodys,Mid,21052R,1.14,46.42609,-124.01756,5141871.57,Minnow,,CAMA,Female,21,
162,8/7/25,1,53,Willapa Bay,,Woodys,Mid,21097R,1.14,46.42544,-124.01738,5141871.57,Fukui,,CAMA,Male,35,
103,8/7/25,1,56,Willapa Bay,,Woodys,Zero,1278G,-0.24,46.42515,-124.01062,5141871.57,Fukui,,CAMA,Female,56,
106,8/7/25,1,57,Willapa Bay,,Woodys,Zero,1431G,-0.24,46.42494,-124.01046,5141871.57,Fukui,,CAMA,Female,78,
105,8/7/25,1,58,Willapa Bay,,Woodys,Zero,21120R,-0.02,46.42583,-124.01398,5141871.57,Fukui,,CAMA,Female,58,
186,8/8/25,2,1,Willapa Bay,,Breakwater,Low,1244WDFW,0.77,46.49885,-124.02691,5149967.36,Minnow,,CAMA,Female,47,
187,8/8/25,2,1,Willapa Bay,,Breakwater,Low,1244WDFW,0.77,46.49885,-124.02691,5149967.36,Minnow,,CAMA,Female,49,
194,8/8/25,2,2,Willapa Bay,,Breakwater,Low,1613WDFW,0.77,46.49804,-124.02715,5149967.36,Fukui,,CAMA,Male,65,
195,8/8/25,2,2,Willapa Bay,,Breakwater,Low,1613WDFW,0.77,46.49804,-124.02715,5149967.36,Fukui,,CAMA,Male,82,
196,8/8/25,2,2,Willapa Bay,,Breakwater,Low,1613WDFW,0.77,46.49804,-124.02715,5149967.36,Fukui,,CAMA,Male,63,
197,8/8/25,2,2,Willapa Bay,,Breakwater,Low,1613WDFW,0.77,46.49804,-124.02715,5149967.36,Fukui,,CAMA,Male,63,
198,8/8/25,2,2,Willapa Bay,,Breakwater,Low,1613WDFW,0.77,46.49804,-124.02715,5149967.36,Fukui,,CAMA,Female,64,
199,8/8/25,2,2,Willapa Bay,,Breakwater,Low,1613WDFW,0.77,46.49804,-124.02715,5149967.36,Fukui,,CAMA,Female,64,
200,8/8/25,2,2,Willapa Bay,,Breakwater,Low,1613WDFW,0.77,46.49804,-124.02715,5149967.36,Fukui,,CAMA,Male,89,
201,8/8/25,2,3,Willapa Bay,,Breakwater,Low,1738WDFW,0.77,46.49815,-124.02711,5149967.36,Minnow,,CAMA,Female,48,
189,8/8/25,2,4,Willapa Bay,,Breakwater,Low,1898WDFW,0.77,46.4985,-124.027,5149967.36,Fukui,,CAMA,Male,79,
190,8/8/25,2,4,Willapa Bay,,Breakwater,Low,1898WDFW,0.77,46.4985,-124.027,5149967.36,Fukui,,CAMA,Female,68,
191,8/8/25,2,4,Willapa Bay,,Breakwater,Low,1898WDFW,0.77,46.4985,-124.027,5149967.36,Fukui,,CAMA,Male,73,
192,8/8/25,2,4,Willapa Bay,,Breakwater,Low,1898WDFW,0.77,46.4985,-124.027,5149967.36,Fukui,,CAMA,Female,49,
193,8/8/25,2,4,Willapa Bay,,Breakwater,Low,1898WDFW,0.77,46.4985,-124.027,5149967.36,Fukui,,CAMA,Female,68,
188,8/8/25,2,6,Willapa Bay,,Breakwater,Low,2284WDFW,0.77,46.49874,-124.02692,5149967.36,Fukui,,CAMA,Male,76,Hole in carapace
202,8/8/25,2,5,Willapa Bay,,Breakwater,Low,2409WDFW,0.77,46.49908,-124.02693,5149967.36,Minnow,,CAMA,Female,19,
694,8/8/25,2,7,Willapa Bay,,Breakwater,Marsh,1214G,1.63,46.49858,-124.0312167,5149967.36,Fukui,,CAMA,Male,37,
691,8/8/25,2,9,Willapa Bay,,Breakwater,Marsh,1240G,1.63,46.49808,-124.0315,5149967.36,Fukui,,CAMA,Female,52,
689,8/8/25,2,11,Willapa Bay,,Breakwater,Marsh,21025R,1.63,46.49852,-124.0313,5149967.36,Fukui,,CAMA,Male,25,
690,8/8/25,2,11,Willapa Bay,,Breakwater,Marsh,21025R,1.63,46.49852,-124.0313,5149967.36,Fukui,,CAMA,Male,50,
699,8/8/25,2,8,Willapa Bay,,Breakwater,Marsh,21028R,1.63,46.49808,-124.03135,5149967.36,Minnow,,CAMA,Female,50,
700,8/8/25,2,8,Willapa Bay,,Breakwater,Marsh,21028R,1.63,46.49808,-124.03135,5149967.36,Minnow,,CAMA,Female,56,
701,8/8/25,2,8,Willapa Bay,,Breakwater,Marsh,21028R,1.63,46.49808,-124.03135,5149967.36,Minnow,,CAMA,Female,57,
698,8/8/25,2,10,Willapa Bay,,Breakwater,Marsh,21037R,1.63,46.49817,-124.0310833,5149967.36,Minnow,,CAMA,Female,58,
692,8/8/25,2,12,Willapa Bay,,Breakwater,Marsh,21043R,1.63,46.49865,-124.0310833,5149967.36,Minnow,,CAMA,Female,35,
693,8/8/25,2,12,Willapa Bay,,Breakwater,Marsh,21043R,1.63,46.49865,-124.0310833,5149967.36,Minnow,,CAMA,Female,60,
695,8/8/25,2,13,Willapa Bay,,Breakwater,Marsh,21050R,1.63,46.49835,-124.0313333,5149967.36,Minnow,,CAMA,Female,27,
696,8/8/25,2,13,Willapa Bay,,Breakwater,Marsh,21050R,1.63,46.49835,-124.0313333,5149967.36,Minnow,,CAMA,Male,34,
697,8/8/25,2,13,Willapa Bay,,Breakwater,Marsh,21050R,1.63,46.49835,-124.0313333,5149967.36,Minnow,,CAMA,Male,35,
203,8/8/25,2,14,Willapa Bay,,Breakwater,Mid,1264G,1.16,46.49868,-124.0291333,5149967.36,Fukui,,CAMA,Female,27,
210,8/8/25,2,16,Willapa Bay,,Breakwater,Mid,1278G,1.16,46.49842,-124.0291333,5149967.36,Fukui,,CAMA,Female,23,
216,8/8/25,2,18,Willapa Bay,,Breakwater,Mid,1282G,1.16,46.49817,-124.02915,5149967.36,Fukui,,CAMA,Male,27,
204,8/8/25,2,20,Willapa Bay,,Breakwater,Mid,1431G,1.16,46.49892,-124.0291667,5149967.36,Fukui,,CAMA,Female,61,
205,8/8/25,2,20,Willapa Bay,,Breakwater,Mid,1431G,1.16,46.49892,-124.0291667,5149967.36,Fukui,,CAMA,Male,24,
206,8/8/25,2,20,Willapa Bay,,Breakwater,Mid,1431G,1.16,46.49892,-124.0291667,5149967.36,Fukui,,CAMA,Male,23,
208,8/8/25,2,15,Willapa Bay,,Breakwater,Mid,21001R,1.16,46.49855,-124.02915,5149967.36,Minnow,,CAMA,Male,33,
209,8/8/25,2,15,Willapa Bay,,Breakwater,Mid,21001R,1.16,46.49855,-124.02915,5149967.36,Minnow,,CAMA,Female,26,
219,8/8/25,2,17,Willapa Bay,,Breakwater,Mid,21020R,1.16,46.49805,-124.02915,5149967.36,Minnow,,CAMA,Male,33,
220,8/8/25,2,17,Willapa Bay,,Breakwater,Mid,21020R,1.16,46.49805,-124.02915,5149967.36,Minnow,,CAMA,Male,23,
221,8/8/25,2,17,Willapa Bay,,Breakwater,Mid,21020R,1.16,46.49805,-124.02915,5149967.36,Minnow,,CAMA,Male,25,
217,8/8/25,2,19,Willapa Bay,,Breakwater,Mid,21021R,1.16,46.49873,-124.0291833,5149967.36,Minnow,,CAMA,Male,54,
218,8/8/25,2,19,Willapa Bay,,Breakwater,Mid,21021R,1.16,46.49873,-124.0291833,5149967.36,Minnow,,CAMA,Female,25,
211,8/8/25,2,21,Willapa Bay,,Breakwater,Mid,21023R,1.16,46.4988,-124.0291667,5149967.36,Minnow,,CAMA,Male,45,
212,8/8/25,2,21,Willapa Bay,,Breakwater,Mid,21023R,1.16,46.4988,-124.0291667,5149967.36,Minnow,,CAMA,Male,37,
213,8/8/25,2,21,Willapa Bay,,Breakwater,Mid,21023R,1.16,46.4988,-124.0291667,5149967.36,Minnow,,CAMA,Male,22,
214,8/8/25,2,21,Willapa Bay,,Breakwater,Mid,21023R,1.16,46.4988,-124.0291667,5149967.36,Minnow,,CAMA,Male,24,
215,8/8/25,2,21,Willapa Bay,,Breakwater,Mid,21023R,1.16,46.4988,-124.0291667,5149967.36,Minnow,,CAMA,Female,21,
207,8/8/25,2,22,Willapa Bay,,Breakwater,Mid,21038R,1.16,46.4983,-124.02915,5149967.36,Minnow,,CAMA,Male,31,
222,8/8/25,2,23,Willapa Bay,,Breakwater,Zero,0822WDFW,0.23,46.49901,-124.02541,5149967.36,Fukui,,CAMA,Male,76,
223,8/8/25,2,23,Willapa Bay,,Breakwater,Zero,0822WDFW,0.23,46.49901,-124.02541,5149967.36,Fukui,,CAMA,Female,64,
224,8/8/25,2,23,Willapa Bay,,Breakwater,Zero,0822WDFW,0.23,46.49901,-124.02541,5149967.36,Fukui,,CAMA,Female,71,
225,8/8/25,2,23,Willapa Bay,,Breakwater,Zero,0822WDFW,0.23,46.49901,-124.02541,5149967.36,Fukui,,CAMA,Male,60,
226,8/8/25,2,23,Willapa Bay,,Breakwater,Zero,0822WDFW,0.23,46.49901,-124.02541,5149967.36,Fukui,,CAMA,Female,60,
227,8/8/25,2,23,Willapa Bay,,Breakwater,Zero,0822WDFW,0.23,46.49901,-124.02541,5149967.36,Fukui,,CAMA,Male,70,
228,8/8/25,2,23,Willapa Bay,,Breakwater,Zero,0822WDFW,0.23,46.49901,-124.02541,5149967.36,Fukui,,CAMA,Female,61,
229,8/8/25,2,23,Willapa Bay,,Breakwater,Zero,0822WDFW,0.23,46.49901,-124.02541,5149967.36,Fukui,,CAMA,Female,58,
230,8/8/25,2,25,Willapa Bay,,Breakwater,Zero,1142WDFW,0.23,46.49881,-124.02551,5149967.36,Fukui,,CAMA,Male,88,
231,8/8/25,2,25,Willapa Bay,,Breakwater,Zero,1142WDFW,0.23,46.49881,-124.02551,5149967.36,Fukui,,CAMA,Male,88,
232,8/8/25,2,25,Willapa Bay,,Breakwater,Zero,1142WDFW,0.23,46.49881,-124.02551,5149967.36,Fukui,,CAMA,Female,70,
233,8/8/25,2,25,Willapa Bay,,Breakwater,Zero,1142WDFW,0.23,46.49881,-124.02551,5149967.36,Fukui,,CAMA,Female,59,
241,8/8/25,2,24,Willapa Bay,,Breakwater,Zero,1267WDFW,0.23,46.49892,-124.02546,5149967.36,Minnow,,CAMA,Female,58,
242,8/8/25,2,26,Willapa Bay,,Breakwater,Zero,1935WDFW,0.23,46.49832,-124.02562,5149967.36,Fukui,,CAMA,Female,68,
234,8/8/25,2,27,Willapa Bay,,Breakwater,Zero,2273WDFW,0.23,46.49856,-124.02557,5149967.36,Fukui,,CAMA,Female,63,
235,8/8/25,2,27,Willapa Bay,,Breakwater,Zero,2273WDFW,0.23,46.49856,-124.02557,5149967.36,Fukui,,CAMA,Female,69,
236,8/8/25,2,27,Willapa Bay,,Breakwater,Zero,2273WDFW,0.23,46.49856,-124.02557,5149967.36,Fukui,,CAMA,Male,92,
237,8/8/25,2,27,Willapa Bay,,Breakwater,Zero,2273WDFW,0.23,46.49856,-124.02557,5149967.36,Fukui,,CAMA,Male,87,
238,8/8/25,2,27,Willapa Bay,,Breakwater,Zero,2273WDFW,0.23,46.49856,-124.02557,5149967.36,Fukui,,CAMA,Male,79,
239,8/8/25,2,27,Willapa Bay,,Breakwater,Zero,2273WDFW,0.23,46.49856,-124.02557,5149967.36,Fukui,,CAMA,Female,59,
240,8/8/25,2,27,Willapa Bay,,Breakwater,Zero,2273WDFW,0.23,46.49856,-124.02557,5149967.36,Fukui,,CAMA,Female,59,
393,8/8/25,2,28,Willapa Bay,,Oysterville,Low,21004R,0.33,46.55169,-124.01478,5155879.89,Fukui,,CAMA,Male,58,
395,8/8/25,2,30,Willapa Bay,,Oysterville,Low,21005R,0.33,46.55148,-124.01477,5155879.89,Fukui,,CAMA,Male,55,
396,8/8/25,2,30,Willapa Bay,,Oysterville,Low,21005R,0.33,46.55148,-124.01477,5155879.89,Fukui,,CAMA,Female,67,
397,8/8/25,2,30,Willapa Bay,,Oysterville,Low,21005R,0.33,46.55148,-124.01477,5155879.89,Fukui,,CAMA,Male,48,
387,8/8/25,2,32,Willapa Bay,,Oysterville,Low,21006R,0.33,46.55191,-124.0148,5155879.89,Fukui,,CAMA,Female,24,
390,8/8/25,2,29,Willapa Bay,,Oysterville,Low,21013R,0.33,46.55175,-124.01479,5155879.89,Minnow,,CAMA,Female,50,
391,8/8/25,2,29,Willapa Bay,,Oysterville,Low,21013R,0.33,46.55175,-124.01479,5155879.89,Minnow,,CAMA,Male,26,
392,8/8/25,2,29,Willapa Bay,,Oysterville,Low,21013R,0.33,46.55175,-124.01479,5155879.89,Minnow,,CAMA,Female,51,
394,8/8/25,2,31,Willapa Bay,,Oysterville,Low,21033R,0.33,46.55157,-124.01477,5155879.89,Minnow,,CAMA,Male,53,
385,8/8/25,2,33,Willapa Bay,,Oysterville,Low,21036R,0.33,46.55242,-124.01479,5155879.89,Minnow,,CAMA,Female,52,
386,8/8/25,2,33,Willapa Bay,,Oysterville,Low,21036R,0.33,46.55242,-124.01479,5155879.89,Minnow,,CAMA,Female,61,
384,8/8/25,2,34,Willapa Bay,,Oysterville,Low,21104R,0.33,46.55224,-124.01478,5155879.89,Minnow,,CAMA,Male,31,
388,8/8/25,2,35,Willapa Bay,,Oysterville,Low,21195R,0.33,46.55201,-124.01474,5155879.89,Minnow,,CAMA,Female,63,
389,8/8/25,2,35,Willapa Bay,,Oysterville,Low,21195R,0.33,46.55201,-124.01474,5155879.89,Minnow,,CAMA,Female,66,
330,8/8/25,2,36,Willapa Bay,,Oysterville,Marsh,1201G,1.65,46.55276,-124.02476,5155879.89,Fukui,,CAMA,Male,62,Abdomen damaged
363,8/8/25,2,38,Willapa Bay,,Oysterville,Marsh,1217G,1.65,46.55239,-124.02483,5155879.89,Fukui,,CAMA,Male,55,
364,8/8/25,2,38,Willapa Bay,,Oysterville,Marsh,1217G,1.65,46.55239,-124.02483,5155879.89,Fukui,,CAMA,Male,56,
365,8/8/25,2,38,Willapa Bay,,Oysterville,Marsh,1217G,1.65,46.55239,-124.02483,5155879.89,Fukui,,CAMA,Female,54,
366,8/8/25,2,38,Willapa Bay,,Oysterville,Marsh,1217G,1.65,46.55239,-124.02483,5155879.89,Fukui,,CAMA,Female,49,
367,8/8/25,2,38,Willapa Bay,,Oysterville,Marsh,1217G,1.65,46.55239,-124.02483,5155879.89,Fukui,,CAMA,Male,57,
368,8/8/25,2,38,Willapa Bay,,Oysterville,Marsh,1217G,1.65,46.55239,-124.02483,5155879.89,Fukui,,CAMA,Female,43,
369,8/8/25,2,38,Willapa Bay,,Oysterville,Marsh,1217G,1.65,46.55239,-124.02483,5155879.89,Fukui,,CAMA,Male,55,
370,8/8/25,2,38,Willapa Bay,,Oysterville,Marsh,1217G,1.65,46.55239,-124.02483,5155879.89,Fukui,,CAMA,Male,43,
361,8/8/25,2,40,Willapa Bay,,Oysterville,Marsh,1219G,1.65,46.5522,-124.02479,5155879.89,Fukui,,CAMA,Male,52,
362,8/8/25,2,40,Willapa Bay,,Oysterville,Marsh,1219G,1.65,46.5522,-124.02479,5155879.89,Fukui,,CAMA,Female,41,
336,8/8/25,2,42,Willapa Bay,,Oysterville,Marsh,1281G,1.65,46.55203,-124.02487,5155879.89,Fukui,,CAMA,Male,62,
337,8/8/25,2,42,Willapa Bay,,Oysterville,Marsh,1281G,1.65,46.55203,-124.02487,5155879.89,Fukui,,CAMA,Male,55,
338,8/8/25,2,42,Willapa Bay,,Oysterville,Marsh,1281G,1.65,46.55203,-124.02487,5155879.89,Fukui,,CAMA,Male,61,
339,8/8/25,2,42,Willapa Bay,,Oysterville,Marsh,1281G,1.65,46.55203,-124.02487,5155879.89,Fukui,,CAMA,Female,51,
340,8/8/25,2,42,Willapa Bay,,Oysterville,Marsh,1281G,1.65,46.55203,-124.02487,5155879.89,Fukui,,CAMA,Male,54,
341,8/8/25,2,42,Willapa Bay,,Oysterville,Marsh,1281G,1.65,46.55203,-124.02487,5155879.89,Fukui,,CAMA,Female,47,
342,8/8/25,2,42,Willapa Bay,,Oysterville,Marsh,1281G,1.65,46.55203,-124.02487,5155879.89,Fukui,,CAMA,Female,55,
343,8/8/25,2,42,Willapa Bay,,Oysterville,Marsh,1281G,1.65,46.55203,-124.02487,5155879.89,Fukui,,CAMA,Female,56,
344,8/8/25,2,42,Willapa Bay,,Oysterville,Marsh,1281G,1.65,46.55203,-124.02487,5155879.89,Fukui,,CAMA,Male,45,
345,8/8/25,2,42,Willapa Bay,,Oysterville,Marsh,1281G,1.65,46.55203,-124.02487,5155879.89,Fukui,,CAMA,Male,53,
346,8/8/25,2,42,Willapa Bay,,Oysterville,Marsh,1281G,1.65,46.55203,-124.02487,5155879.89,Fukui,,CAMA,Male,57,
347,8/8/25,2,42,Willapa Bay,,Oysterville,Marsh,1281G,1.65,46.55203,-124.02487,5155879.89,Fukui,,CAMA,Female,48,
348,8/8/25,2,42,Willapa Bay,,Oysterville,Marsh,1281G,1.65,46.55203,-124.02487,5155879.89,Fukui,,CAMA,Male,55,
331,8/8/25,2,44,Willapa Bay,,Oysterville,Marsh,1287G,1.65,46.55254,-124.02468,5155879.89,Fukui,,CAMA,Male,66,
332,8/8/25,2,44,Willapa Bay,,Oysterville,Marsh,1287G,1.65,46.55254,-124.02468,5155879.89,Fukui,,CAMA,Male,55,
333,8/8/25,2,44,Willapa Bay,,Oysterville,Marsh,1287G,1.65,46.55254,-124.02468,5155879.89,Fukui,,CAMA,Male,64,
334,8/8/25,2,44,Willapa Bay,,Oysterville,Marsh,1287G,1.65,46.55254,-124.02468,5155879.89,Fukui,,CAMA,Male,50,
335,8/8/25,2,44,Willapa Bay,,Oysterville,Marsh,1287G,1.65,46.55254,-124.02468,5155879.89,Fukui,,CAMA,Male,54,
378,8/8/25,2,37,Willapa Bay,,Oysterville,Marsh,21002R,1.65,46.55249,-124.0248,5155879.89,Minnow,,CAMA,Female,51,
379,8/8/25,2,37,Willapa Bay,,Oysterville,Marsh,21002R,1.65,46.55249,-124.0248,5155879.89,Minnow,,CAMA,Male,50,
380,8/8/25,2,37,Willapa Bay,,Oysterville,Marsh,21002R,1.65,46.55249,-124.0248,5155879.89,Minnow,,CAMA,Male,49,
381,8/8/25,2,37,Willapa Bay,,Oysterville,Marsh,21002R,1.65,46.55249,-124.0248,5155879.89,Minnow,,CAMA,Female,35,
382,8/8/25,2,37,Willapa Bay,,Oysterville,Marsh,21002R,1.65,46.55249,-124.0248,5155879.89,Minnow,,CAMA,Male,47,
371,8/8/25,2,39,Willapa Bay,,Oysterville,Marsh,21029R,1.65,46.55205,-124.02477,5155879.89,Minnow,,CAMA,Male,54,
372,8/8/25,2,39,Willapa Bay,,Oysterville,Marsh,21029R,1.65,46.55205,-124.02477,5155879.89,Minnow,,CAMA,Male,48,
373,8/8/25,2,39,Willapa Bay,,Oysterville,Marsh,21029R,1.65,46.55205,-124.02477,5155879.89,Minnow,,CAMA,Female,50,
349,8/8/25,2,41,Willapa Bay,,Oysterville,Marsh,21039R,1.65,46.55264,-124.02472,5155879.89,Minnow,,CAMA,Female,58,
350,8/8/25,2,41,Willapa Bay,,Oysterville,Marsh,21039R,1.65,46.55264,-124.02472,5155879.89,Minnow,,CAMA,Female,51,
351,8/8/25,2,41,Willapa Bay,,Oysterville,Marsh,21039R,1.65,46.55264,-124.02472,5155879.89,Minnow,,CAMA,Female,50,
352,8/8/25,2,41,Willapa Bay,,Oysterville,Marsh,21039R,1.65,46.55264,-124.02472,5155879.89,Minnow,,CAMA,Male,63,
353,8/8/25,2,41,Willapa Bay,,Oysterville,Marsh,21039R,1.65,46.55264,-124.02472,5155879.89,Minnow,,CAMA,Female,49,
354,8/8/25,2,41,Willapa Bay,,Oysterville,Marsh,21039R,1.65,46.55264,-124.02472,5155879.89,Minnow,,CAMA,Male,66,
355,8/8/25,2,41,Willapa Bay,,Oysterville,Marsh,21039R,1.65,46.55264,-124.02472,5155879.89,Minnow,,CAMA,Female,43,
356,8/8/25,2,41,Willapa Bay,,Oysterville,Marsh,21039R,1.65,46.55264,-124.02472,5155879.89,Minnow,,CAMA,Female,49,
374,8/8/25,2,43,Willapa Bay,,Oysterville,Marsh,21046R,1.65,46.55226,-124.02471,5155879.89,Minnow,,CAMA,Male,66,
375,8/8/25,2,43,Willapa Bay,,Oysterville,Marsh,21046R,1.65,46.55226,-124.02471,5155879.89,Minnow,,CAMA,Male,49,
376,8/8/25,2,43,Willapa Bay,,Oysterville,Marsh,21046R,1.65,46.55226,-124.02471,5155879.89,Minnow,,CAMA,Male,62,
377,8/8/25,2,43,Willapa Bay,,Oysterville,Marsh,21046R,1.65,46.55226,-124.02471,5155879.89,Minnow,,CAMA,Female,40,
357,8/8/25,2,45,Willapa Bay,,Oysterville,Marsh,21103R,1.65,46.55193,-124.02485,5155879.89,Minnow,,CAMA,Male,55,
358,8/8/25,2,45,Willapa Bay,,Oysterville,Marsh,21103R,1.65,46.55193,-124.02485,5155879.89,Minnow,,CAMA,Female,52,
359,8/8/25,2,45,Willapa Bay,,Oysterville,Marsh,21103R,1.65,46.55193,-124.02485,5155879.89,Minnow,,CAMA,Female,50,
360,8/8/25,2,45,Willapa Bay,,Oysterville,Marsh,21103R,1.65,46.55193,-124.02485,5155879.89,Minnow,,CAMA,Male,49,
427,8/8/25,2,46,Willapa Bay,,Oysterville,Mid,1208G,0.89,46.55164,-124.02041,5155879.89,Fukui,,CAMA,Male,75,
428,8/8/25,2,46,Willapa Bay,,Oysterville,Mid,1208G,0.89,46.55164,-124.02041,5155879.89,Fukui,,CAMA,Male,58,
429,8/8/25,2,46,Willapa Bay,,Oysterville,Mid,1208G,0.89,46.55164,-124.02041,5155879.89,Fukui,,CAMA,Male,64,
430,8/8/25,2,46,Willapa Bay,,Oysterville,Mid,1208G,0.89,46.55164,-124.02041,5155879.89,Fukui,,CAMA,Female,60,
431,8/8/25,2,46,Willapa Bay,,Oysterville,Mid,1208G,0.89,46.55164,-124.02041,5155879.89,Fukui,,CAMA,Male,51,
432,8/8/25,2,46,Willapa Bay,,Oysterville,Mid,1208G,0.89,46.55164,-124.02041,5155879.89,Fukui,,CAMA,Male,58,
433,8/8/25,2,46,Willapa Bay,,Oysterville,Mid,1208G,0.89,46.55164,-124.02041,5155879.89,Fukui,,CAMA,Male,35,
419,8/8/25,2,48,Willapa Bay,,Oysterville,Mid,1218G,0.89,46.55139,-124.02039,5155879.89,Fukui,,CAMA,Male,77,
420,8/8/25,2,48,Willapa Bay,,Oysterville,Mid,1218G,0.89,46.55139,-124.02039,5155879.89,Fukui,,CAMA,Female,51,
421,8/8/25,2,48,Willapa Bay,,Oysterville,Mid,1218G,0.89,46.55139,-124.02039,5155879.89,Fukui,,CAMA,Male,42,
409,8/8/25,2,50,Willapa Bay,,Oysterville,Mid,1220G,0.89,46.55201,-124.02034,5155879.89,Fukui,,CAMA,Female,49,
410,8/8/25,2,50,Willapa Bay,,Oysterville,Mid,1220G,0.89,46.55201,-124.02034,5155879.89,Fukui,,CAMA,Female,46,
411,8/8/25,2,50,Willapa Bay,,Oysterville,Mid,1220G,0.89,46.55201,-124.02034,5155879.89,Fukui,,CAMA,Male,39,
412,8/8/25,2,50,Willapa Bay,,Oysterville,Mid,1220G,0.89,46.55201,-124.02034,5155879.89,Fukui,,CAMA,Female,35,
417,8/8/25,2,47,Willapa Bay,,Oysterville,Mid,21026R,0.89,46.5515,-124.02043,5155879.89,Minnow,,CAMA,Male,36,
418,8/8/25,2,47,Willapa Bay,,Oysterville,Mid,21026R,0.89,46.5515,-124.02043,5155879.89,Minnow,,CAMA,Male,38,
383,8/8/25,2,49,Willapa Bay,,Oysterville,Mid,21032R,0.89,46.55194,-124.02036,5155879.89,Minnow,,CAMA,Male,35,
434,8/8/25,2,51,Willapa Bay,,Oysterville,Mid,21053R,0.89,46.55172,-124.02039,5155879.89,Minnow,,CAMA,Male,75,
435,8/8/25,2,51,Willapa Bay,,Oysterville,Mid,21053R,0.89,46.55172,-124.02039,5155879.89,Minnow,,CAMA,Male,50,
436,8/8/25,2,51,Willapa Bay,,Oysterville,Mid,21053R,0.89,46.55172,-124.02039,5155879.89,Minnow,,CAMA,Female,59,
437,8/8/25,2,51,Willapa Bay,,Oysterville,Mid,21053R,0.89,46.55172,-124.02039,5155879.89,Minnow,,CAMA,Male,32,
422,8/8/25,2,52,Willapa Bay,,Oysterville,Mid,21055R,0.89,46.55172,-124.02039,5155879.89,Minnow,,CAMA,Male,68,
423,8/8/25,2,52,Willapa Bay,,Oysterville,Mid,21055R,0.89,46.55128,-124.0204,5155879.89,Minnow,,CAMA,Male,49,
424,8/8/25,2,52,Willapa Bay,,Oysterville,Mid,21055R,0.89,46.55128,-124.0204,5155879.89,Minnow,,CAMA,Female,55,
425,8/8/25,2,52,Willapa Bay,,Oysterville,Mid,21055R,0.89,46.55128,-124.0204,5155879.89,Minnow,,CAMA,Female,44,
426,8/8/25,2,52,Willapa Bay,,Oysterville,Mid,21055R,0.89,46.55128,-124.0204,5155879.89,Minnow,,CAMA,Female,46,
405,8/8/25,2,53,Willapa Bay,,Oysterville,Mid,21056R,0.89,46.55217,-124.02023,5155879.89,Minnow,,CAMA,Female,55,
406,8/8/25,2,53,Willapa Bay,,Oysterville,Mid,21056R,0.89,46.55217,-124.02023,5155879.89,Minnow,,CAMA,Female,43,
407,8/8/25,2,53,Willapa Bay,,Oysterville,Mid,21056R,0.89,46.55217,-124.02023,5155879.89,Minnow,,CAMA,Female,59,
408,8/8/25,2,53,Willapa Bay,,Oysterville,Mid,21056R,0.89,46.55217,-124.02023,5155879.89,Minnow,,CAMA,Male,35,
413,8/8/25,2,54,Willapa Bay,,Oysterville,Mid,21117R,0.89,46.55185,-124.02035,5155879.89,Fukui,,CAMA,Male,69,
414,8/8/25,2,54,Willapa Bay,,Oysterville,Mid,21117R,0.89,46.55185,-124.02035,5155879.89,Fukui,,CAMA,Male,62,
415,8/8/25,2,54,Willapa Bay,,Oysterville,Mid,21117R,0.89,46.55185,-124.02035,5155879.89,Fukui,,CAMA,Male,58,
416,8/8/25,2,54,Willapa Bay,,Oysterville,Mid,21117R,0.89,46.55185,-124.02035,5155879.89,Fukui,,CAMA,Male,33,
401,8/8/25,2,55,Willapa Bay,,Oysterville,Zero,1244G,-0.03,46.55144,-124.01165,5155879.89,Fukui,,CAMA,Male,70,
402,8/8/25,2,55,Willapa Bay,,Oysterville,Zero,1244G,-0.03,46.55144,-124.01165,5155879.89,Fukui,,CAMA,Female,68,
403,8/8/25,2,55,Willapa Bay,,Oysterville,Zero,1244G,-0.03,46.55144,-124.01165,5155879.89,Fukui,,CAMA,Male,75,
404,8/8/25,2,57,Willapa Bay,,Oysterville,Zero,21066R,-0.03,46.55098,-124.01169,5155879.89,Fukui,,CAMA,Female,71,
398,8/8/25,2,58,Willapa Bay,,Oysterville,Zero,21072R,-0.03,46.5519,-124.01164,5155879.89,Fukui,,CAMA,Female,63,
399,8/8/25,2,58,Willapa Bay,,Oysterville,Zero,21072R,-0.03,46.5519,-124.01164,5155879.89,Fukui,,CAMA,Female,57,
400,8/8/25,2,56,Willapa Bay,,Oysterville,Zero,21099R,-0.03,46.55132,-124.01166,5155879.89,Minnow,,CAMA,Female,63,
270,8/8/25,2,59,Willapa Bay,,Port,Marsh,1261G,1.59,46.50307,-124.0299167,5150464.53,Fukui,,CAMA,Male,69,
271,8/8/25,2,59,Willapa Bay,,Port,Marsh,1261G,1.59,46.50307,-124.0299167,5150464.53,Fukui,,CAMA,Male,69,
272,8/8/25,2,59,Willapa Bay,,Port,Marsh,1261G,1.59,46.50307,-124.0299167,5150464.53,Fukui,,CAMA,Male,71,
281,8/8/25,2,61,Willapa Bay,,Port,Marsh,1289G,1.59,46.5033,-124.0299667,5150464.53,Fukui,,CAMA,Female,42,
300,8/8/25,2,63,Willapa Bay,,Port,Marsh,21007R,1.59,46.50338,-124.0297,5150464.53,Fukui,,CAMA,Male,65,
301,8/8/25,2,63,Willapa Bay,,Port,Marsh,21007R,1.59,46.50338,-124.0297,5150464.53,Fukui,,CAMA,Male,71,
302,8/8/25,2,63,Willapa Bay,,Port,Marsh,21007R,1.59,46.50338,-124.0297,5150464.53,Fukui,,CAMA,Male,61,
303,8/8/25,2,63,Willapa Bay,,Port,Marsh,21007R,1.59,46.50338,-124.0297,5150464.53,Fukui,,CAMA,Male,70,
304,8/8/25,2,63,Willapa Bay,,Port,Marsh,21007R,1.59,46.50338,-124.0297,5150464.53,Fukui,,CAMA,Male,48,
305,8/8/25,2,63,Willapa Bay,,Port,Marsh,21007R,1.59,46.50338,-124.0297,5150464.53,Fukui,,CAMA,Male,62,
306,8/8/25,2,63,Willapa Bay,,Port,Marsh,21007R,1.59,46.50338,-124.0297,5150464.53,Fukui,,CAMA,Male,51,
307,8/8/25,2,63,Willapa Bay,,Port,Marsh,21007R,1.59,46.50338,-124.0297,5150464.53,Fukui,,CAMA,Male,52,
308,8/8/25,2,63,Willapa Bay,,Port,Marsh,21007R,1.59,46.50338,-124.0297,5150464.53,Fukui,,CAMA,Male,48,
309,8/8/25,2,63,Willapa Bay,,Port,Marsh,21007R,1.59,46.50338,-124.0297,5150464.53,Fukui,,CAMA,Male,57,
310,8/8/25,2,63,Willapa Bay,,Port,Marsh,21007R,1.59,46.50338,-124.0297,5150464.53,Fukui,,CAMA,Male,59,
311,8/8/25,2,63,Willapa Bay,,Port,Marsh,21007R,1.59,46.50338,-124.0297,5150464.53,Fukui,,CAMA,Male,66,
312,8/8/25,2,63,Willapa Bay,,Port,Marsh,21007R,1.59,46.50338,-124.0297,5150464.53,Fukui,,CAMA,Male,46,
313,8/8/25,2,63,Willapa Bay,,Port,Marsh,21007R,1.59,46.50338,-124.0297,5150464.53,Fukui,,CAMA,Male,58,
273,8/8/25,2,65,Willapa Bay,,Port,Marsh,21008R,1.59,46.50345,-124.0294167,5150464.53,Fukui,,CAMA,Male,67,
274,8/8/25,2,65,Willapa Bay,,Port,Marsh,21008R,1.59,46.50345,-124.0294167,5150464.53,Fukui,,CAMA,Male,42,
275,8/8/25,2,65,Willapa Bay,,Port,Marsh,21008R,1.59,46.50345,-124.0294167,5150464.53,Fukui,,CAMA,Female,41,
324,8/8/25,2,65,Willapa Bay,,Port,Marsh,21008R,1.59,46.50345,-124.0294167,5150464.53,Fukui,,CAMA,Male,62,
325,8/8/25,2,65,Willapa Bay,,Port,Marsh,21008R,1.59,46.50345,-124.0294167,5150464.53,Fukui,,CAMA,Male,55,
326,8/8/25,2,65,Willapa Bay,,Port,Marsh,21008R,1.59,46.50345,-124.0294167,5150464.53,Fukui,,CAMA,Male,53,
327,8/8/25,2,65,Willapa Bay,,Port,Marsh,21008R,1.59,46.50345,-124.0294167,5150464.53,Fukui,,CAMA,Male,61,
328,8/8/25,2,65,Willapa Bay,,Port,Marsh,21008R,1.59,46.50345,-124.0294167,5150464.53,Fukui,,CAMA,Male,59,
329,8/8/25,2,65,Willapa Bay,,Port,Marsh,21008R,1.59,46.50345,-124.0294167,5150464.53,Fukui,,CAMA,Male,60,
319,8/8/25,2,60,Willapa Bay,,Port,Marsh,21015R,1.59,46.50338,-124.02985,5150464.53,Minnow,,CAMA,Male,69,
320,8/8/25,2,60,Willapa Bay,,Port,Marsh,21015R,1.59,46.50338,-124.02985,5150464.53,Minnow,,CAMA,Male,57,
321,8/8/25,2,60,Willapa Bay,,Port,Marsh,21015R,1.59,46.50338,-124.02985,5150464.53,Minnow,,CAMA,Male,58,
322,8/8/25,2,60,Willapa Bay,,Port,Marsh,21015R,1.59,46.50338,-124.02985,5150464.53,Minnow,,CAMA,Female,50,
323,8/8/25,2,60,Willapa Bay,,Port,Marsh,21015R,1.59,46.50338,-124.02985,5150464.53,Minnow,,CAMA,Male,54,
276,8/8/25,2,62,Willapa Bay,,Port,Marsh,21030R,1.59,46.50318,-124.0300167,5150464.53,Minnow,,CAMA,Female,58,
277,8/8/25,2,62,Willapa Bay,,Port,Marsh,21030R,1.59,46.50318,-124.0300167,5150464.53,Minnow,,CAMA,Female,44,
278,8/8/25,2,62,Willapa Bay,,Port,Marsh,21030R,1.59,46.50318,-124.0300167,5150464.53,Minnow,,CAMA,Male,65,
279,8/8/25,2,62,Willapa Bay,,Port,Marsh,21030R,1.59,46.50318,-124.0300167,5150464.53,Minnow,,CAMA,Male,52,
280,8/8/25,2,62,Willapa Bay,,Port,Marsh,21030R,1.59,46.50318,-124.0300167,5150464.53,Minnow,,CAMA,Female,51,
282,8/8/25,2,64,Willapa Bay,,Port,Marsh,21034R,1.59,46.50338,-124.0295,5150464.53,Minnow,,CAMA,Male,53,
283,8/8/25,2,64,Willapa Bay,,Port,Marsh,21034R,1.59,46.50338,-124.0295,5150464.53,Minnow,,CAMA,Male,51,
284,8/8/25,2,64,Willapa Bay,,Port,Marsh,21034R,1.59,46.50338,-124.0295,5150464.53,Minnow,,CAMA,Male,47,
314,8/8/25,2,66,Willapa Bay,,Port,Marsh,21041R,1.59,46.50297,-124.02985,5150464.53,Minnow,,CAMA,Male,58,
315,8/8/25,2,66,Willapa Bay,,Port,Marsh,21041R,1.59,46.50297,-124.02985,5150464.53,Minnow,,CAMA,Male,65,
316,8/8/25,2,66,Willapa Bay,,Port,Marsh,21041R,1.59,46.50297,-124.02985,5150464.53,Minnow,,CAMA,Male,56,
317,8/8/25,2,66,Willapa Bay,,Port,Marsh,21041R,1.59,46.50297,-124.02985,5150464.53,Minnow,,CAMA,Male,65,
318,8/8/25,2,66,Willapa Bay,,Port,Marsh,21041R,1.59,46.50297,-124.02985,5150464.53,Minnow,,CAMA,Female,40,
265,8/8/25,2,67,Willapa Bay,,Port,Marsh,21042R,1.59,46.50357,-124.0293,5150464.53,Minnow,,CAMA,Male,55,
266,8/8/25,2,67,Willapa Bay,,Port,Marsh,21042R,1.59,46.50357,-124.0293,5150464.53,Minnow,,CAMA,Female,49,
267,8/8/25,2,67,Willapa Bay,,Port,Marsh,21042R,1.59,46.50357,-124.0293,5150464.53,Minnow,,CAMA,Male,47,
268,8/8/25,2,67,Willapa Bay,,Port,Marsh,21042R,1.59,46.50357,-124.0293,5150464.53,Minnow,,CAMA,Male,47,
269,8/8/25,2,67,Willapa Bay,,Port,Marsh,21042R,1.59,46.50357,-124.0293,5150464.53,Minnow,,CAMA,Male,40,
285,8/8/25,2,68,Willapa Bay,,Port,Marsh,21097R,1.59,46.50367,-124.0293,5150464.53,Fukui,,CAMA,Male,54,
286,8/8/25,2,68,Willapa Bay,,Port,Marsh,21097R,1.59,46.50367,-124.0293,5150464.53,Fukui,,CAMA,Male,51,
287,8/8/25,2,68,Willapa Bay,,Port,Marsh,21097R,1.59,46.50367,-124.0293,5150464.53,Fukui,,CAMA,Male,52,
288,8/8/25,2,68,Willapa Bay,,Port,Marsh,21097R,1.59,46.50367,-124.0293,5150464.53,Fukui,,CAMA,Male,47,
289,8/8/25,2,68,Willapa Bay,,Port,Marsh,21097R,1.59,46.50367,-124.0293,5150464.53,Fukui,,CAMA,Male,48,
290,8/8/25,2,68,Willapa Bay,,Port,Marsh,21097R,1.59,46.50367,-124.0293,5150464.53,Fukui,,CAMA,Female,42,
291,8/8/25,2,68,Willapa Bay,,Port,Marsh,21097R,1.59,46.50367,-124.0293,5150464.53,Fukui,,CAMA,Female,55,
292,8/8/25,2,68,Willapa Bay,,Port,Marsh,21097R,1.59,46.50367,-124.0293,5150464.53,Fukui,,CAMA,Male,50,
293,8/8/25,2,68,Willapa Bay,,Port,Marsh,21097R,1.59,46.50367,-124.0293,5150464.53,Fukui,,CAMA,Female,41,
294,8/8/25,2,68,Willapa Bay,,Port,Marsh,21097R,1.59,46.50367,-124.0293,5150464.53,Fukui,,CAMA,Female,40,
295,8/8/25,2,68,Willapa Bay,,Port,Marsh,21097R,1.59,46.50367,-124.0293,5150464.53,Fukui,,CAMA,Female,33,
296,8/8/25,2,68,Willapa Bay,,Port,Marsh,21097R,1.59,46.50367,-124.0293,5150464.53,Fukui,,CAMA,Male,51,
297,8/8/25,2,68,Willapa Bay,,Port,Marsh,21097R,1.59,46.50367,-124.0293,5150464.53,Fukui,,CAMA,Male,32,
298,8/8/25,2,68,Willapa Bay,,Port,Marsh,21097R,1.59,46.50367,-124.0293,5150464.53,Fukui,,CAMA,Male,54,
299,8/8/25,2,68,Willapa Bay,,Port,Marsh,21097R,1.59,46.50367,-124.0293,5150464.53,Fukui,,CAMA,Male,62,
244,8/8/25,2,69,Willapa Bay,,Port,Mid,1259G,0.65,46.50283,-124.0274333,5150464.53,Fukui,,CAMA,Male,31,
243,8/8/25,2,71,Willapa Bay,,Port,Mid,1267G,0.65,46.50365,-124.0272333,5150464.53,Fukui,,CAMA,Female,62,
247,8/8/25,2,70,Willapa Bay,,Port,Mid,21019R,0.65,46.50332,-124.02735,5150464.53,Minnow,,CAMA,Female,24,
248,8/8/25,2,70,Willapa Bay,,Port,Mid,21019R,0.65,46.50332,-124.02735,5150464.53,Minnow,,CAMA,Female,25,
249,8/8/25,2,72,Willapa Bay,,Port,Mid,21027R,0.65,46.50297,-124.0274167,5150464.53,Minnow,,CAMA,Male,30,
250,8/8/25,2,72,Willapa Bay,,Port,Mid,21027R,0.65,46.50297,-124.0274167,5150464.53,Minnow,,CAMA,Male,24,
251,8/8/25,2,72,Willapa Bay,,Port,Mid,21027R,0.65,46.50297,-124.0274167,5150464.53,Minnow,,CAMA,Female,27,
264,8/8/25,2,74,Willapa Bay,,Port,Mid,21048R,0.65,46.50273,-124.02745,5150464.53,Minnow,,CAMA,Male,49,
245,8/8/25,2,73,Willapa Bay,,Port,Mid,21120R,0.65,46.50308,-124.0273833,5150464.53,Fukui,,CAMA,Female,25,
263,8/8/25,2,75,Willapa Bay,,Port,Zero,1619WDFW,-0.17,46.50307,-124.0247167,5150464.53,Fukui,,CAMA,Female,69,
246,8/8/25,2,76,Willapa Bay,,Port,Zero,1653WDFW,-0.17,46.50283,-124.02475,5150464.53,Fukui,,CAMA,Female,54,
252,8/8/25,2,77,Willapa Bay,,Port,Zero,1684WDFW,-0.17,46.5033,-124.0246667,5150464.53,Fukui,,CAMA,Female,70,New claw also damaged
253,8/8/25,2,77,Willapa Bay,,Port,Zero,1684WDFW,-0.17,46.5033,-124.0246667,5150464.53,Fukui,,CAMA,Female,52,
254,8/8/25,2,77,Willapa Bay,,Port,Zero,1684WDFW,-0.17,46.5033,-124.0246667,5150464.53,Fukui,,CAMA,Female,66,
255,8/8/25,2,77,Willapa Bay,,Port,Zero,1684WDFW,-0.17,46.5033,-124.0246667,5150464.53,Fukui,,CAMA,Female,56,
256,8/8/25,2,77,Willapa Bay,,Port,Zero,1684WDFW,-0.17,46.5033,-124.0246667,5150464.53,Fukui,,CAMA,Male,75,
257,8/8/25,2,77,Willapa Bay,,Port,Zero,1684WDFW,-0.17,46.5033,-124.0246667,5150464.53,Fukui,,CAMA,Female,57,
258,8/8/25,2,77,Willapa Bay,,Port,Zero,1684WDFW,-0.17,46.5033,-124.0246667,5150464.53,Fukui,,CAMA,Female,69,
259,8/8/25,2,77,Willapa Bay,,Port,Zero,1684WDFW,-0.17,46.5033,-124.0246667,5150464.53,Fukui,,CAMA,Female,64,
260,8/8/25,2,77,Willapa Bay,,Port,Zero,1684WDFW,-0.17,46.5033,-124.0246667,5150464.53,Fukui,,CAMA,Female,67,
261,8/8/25,2,77,Willapa Bay,,Port,Zero,1684WDFW,-0.17,46.5033,-124.0246667,5150464.53,Fukui,,CAMA,Female,54,
262,8/8/25,2,77,Willapa Bay,,Port,Zero,1684WDFW,-0.17,46.5033,-124.0246667,5150464.53,Fukui,,CAMA,Female,60,
574,8/10/25,3,1,Willapa Bay,,Tokeland,Channel,0407WDFW,,46.70797,-123.97472,5173187.67,Minnow,,CAMA,Male,41,
575,8/10/25,3,1,Willapa Bay,,Tokeland,Channel,0407WDFW,,46.70797,-123.97472,5173187.67,Minnow,,CAMA,Male,42,
576,8/10/25,3,1,Willapa Bay,,Tokeland,Channel,0407WDFW,,46.70797,-123.97472,5173187.67,Minnow,,CAMA,Male,43,
577,8/10/25,3,1,Willapa Bay,,Tokeland,Channel,0407WDFW,,46.70797,-123.97472,5173187.67,Minnow,,CAMA,Male,41,
578,8/10/25,3,1,Willapa Bay,,Tokeland,Channel,0407WDFW,,46.70797,-123.97472,5173187.67,Minnow,,CAMA,Male,45,
579,8/10/25,3,1,Willapa Bay,,Tokeland,Channel,0407WDFW,,46.70797,-123.97472,5173187.67,Minnow,,CAMA,Female,30,
580,8/10/25,3,1,Willapa Bay,,Tokeland,Channel,0407WDFW,,46.70797,-123.97472,5173187.67,Minnow,,CAMA,Female,26,
581,8/10/25,3,1,Willapa Bay,,Tokeland,Channel,0407WDFW,,46.70797,-123.97472,5173187.67,Minnow,,CAMA,Female,43,
582,8/10/25,3,1,Willapa Bay,,Tokeland,Channel,0407WDFW,,46.70797,-123.97472,5173187.67,Minnow,,CAMA,Female,46,
583,8/10/25,3,1,Willapa Bay,,Tokeland,Channel,0407WDFW,,46.70797,-123.97472,5173187.67,Minnow,,CAMA,Female,51,
547,8/10/25,3,3,Willapa Bay,,Tokeland,Channel,0585WDFW,,46.7078,-123.97465,5173187.67,Minnow,,CAMA,Female,56,
548,8/10/25,3,3,Willapa Bay,,Tokeland,Channel,0585WDFW,,46.7078,-123.97465,5173187.67,Minnow,,CAMA,Female,50,
549,8/10/25,3,3,Willapa Bay,,Tokeland,Channel,0585WDFW,,46.7078,-123.97465,5173187.67,Minnow,,CAMA,Female,37,
550,8/10/25,3,3,Willapa Bay,,Tokeland,Channel,0585WDFW,,46.7078,-123.97465,5173187.67,Minnow,,CAMA,Female,54,
551,8/10/25,3,3,Willapa Bay,,Tokeland,Channel,0585WDFW,,46.7078,-123.97465,5173187.67,Minnow,,CAMA,Male,45,
552,8/10/25,3,3,Willapa Bay,,Tokeland,Channel,0585WDFW,,46.7078,-123.97465,5173187.67,Minnow,,CAMA,Male,49,
553,8/10/25,3,3,Willapa Bay,,Tokeland,Channel,0585WDFW,,46.7078,-123.97465,5173187.67,Minnow,,CAMA,Male,50,
554,8/10/25,3,3,Willapa Bay,,Tokeland,Channel,0585WDFW,,46.7078,-123.97465,5173187.67,Minnow,,CAMA,Male,41,
555,8/10/25,3,3,Willapa Bay,,Tokeland,Channel,0585WDFW,,46.7078,-123.97465,5173187.67,Minnow,,CAMA,Male,45,
556,8/10/25,3,3,Willapa Bay,,Tokeland,Channel,0585WDFW,,46.7078,-123.97465,5173187.67,Minnow,,CAMA,Male,40,
557,8/10/25,3,3,Willapa Bay,,Tokeland,Channel,0585WDFW,,46.7078,-123.97465,5173187.67,Minnow,,CAMA,Male,53,
558,8/10/25,3,3,Willapa Bay,,Tokeland,Channel,0585WDFW,,46.7078,-123.97465,5173187.67,Minnow,,CAMA,Male,48,
602,8/10/25,3,5,Willapa Bay,,Tokeland,Channel,0752WDFW,,46.70761,-123.97407,5173187.67,Minnow,,CAMA,Male,45,
603,8/10/25,3,5,Willapa Bay,,Tokeland,Channel,0752WDFW,,46.70761,-123.97407,5173187.67,Minnow,,CAMA,Male,34,
604,8/10/25,3,5,Willapa Bay,,Tokeland,Channel,0752WDFW,,46.70761,-123.97407,5173187.67,Minnow,,CAMA,Male,56,
605,8/10/25,3,5,Willapa Bay,,Tokeland,Channel,0752WDFW,,46.70761,-123.97407,5173187.67,Minnow,,CAMA,Female,47,
618,8/10/25,3,7,Willapa Bay,,Tokeland,Channel,0785WDFW,,46.70799,-123.9742,5173187.67,Minnow,,CAMA,Male,52,
619,8/10/25,3,7,Willapa Bay,,Tokeland,Channel,0785WDFW,,46.70799,-123.9742,5173187.67,Minnow,,CAMA,Male,43,
620,8/10/25,3,7,Willapa Bay,,Tokeland,Channel,0785WDFW,,46.70799,-123.9742,5173187.67,Minnow,,CAMA,Female,53,
621,8/10/25,3,7,Willapa Bay,,Tokeland,Channel,0785WDFW,,46.70799,-123.9742,5173187.67,Minnow,,CAMA,Female,47,
536,8/10/25,3,2,Willapa Bay,,Tokeland,Channel,0822WDFW,,46.70787,-123.97435,5173187.67,Fukui,,CAMA,Male,50,
537,8/10/25,3,2,Willapa Bay,,Tokeland,Channel,0822WDFW,,46.70787,-123.97435,5173187.67,Fukui,,CAMA,Male,59,
538,8/10/25,3,2,Willapa Bay,,Tokeland,Channel,0822WDFW,,46.70787,-123.97435,5173187.67,Fukui,,CAMA,Female,45,
539,8/10/25,3,2,Willapa Bay,,Tokeland,Channel,0822WDFW,,46.70787,-123.97435,5173187.67,Fukui,,CAMA,Female,60,
540,8/10/25,3,2,Willapa Bay,,Tokeland,Channel,0822WDFW,,46.70787,-123.97435,5173187.67,Fukui,,CAMA,Female,48,
541,8/10/25,3,2,Willapa Bay,,Tokeland,Channel,0822WDFW,,46.70787,-123.97435,5173187.67,Fukui,,CAMA,Female,57,
542,8/10/25,3,2,Willapa Bay,,Tokeland,Channel,0822WDFW,,46.70787,-123.97435,5173187.67,Fukui,,CAMA,Female,48,
543,8/10/25,3,2,Willapa Bay,,Tokeland,Channel,0822WDFW,,46.70787,-123.97435,5173187.67,Fukui,,CAMA,Female,53,
544,8/10/25,3,2,Willapa Bay,,Tokeland,Channel,0822WDFW,,46.70787,-123.97435,5173187.67,Fukui,,CAMA,Female,61,
545,8/10/25,3,2,Willapa Bay,,Tokeland,Channel,0822WDFW,,46.70787,-123.97435,5173187.67,Fukui,,CAMA,Female,55,
546,8/10/25,3,2,Willapa Bay,,Tokeland,Channel,0822WDFW,,46.70787,-123.97435,5173187.67,Fukui,,CAMA,Female,58,
622,8/10/25,3,4,Willapa Bay,,Tokeland,Channel,1076WDFW,,46.70774,-123.97394,5173187.67,Fukui,,CAMA,Male,30,
535,8/10/25,3,6,Willapa Bay,,Tokeland,Channel,1103WDFW,,46.70785,-123.97446,5173187.67,Fukui,,CAMA,Female,45,Trap number on deployment misrecorded as 1173
567,8/10/25,3,8,Willapa Bay,,Tokeland,Channel,1142WDFW,,46.70773,-123.97457,5173187.67,Fukui,,CAMA,Male,65,
568,8/10/25,3,8,Willapa Bay,,Tokeland,Channel,1142WDFW,,46.70773,-123.97457,5173187.67,Fukui,,CAMA,Male,78,
569,8/10/25,3,8,Willapa Bay,,Tokeland,Channel,1142WDFW,,46.70773,-123.97457,5173187.67,Fukui,,CAMA,Male,64,
570,8/10/25,3,8,Willapa Bay,,Tokeland,Channel,1142WDFW,,46.70773,-123.97457,5173187.67,Fukui,,CAMA,Male,65,
571,8/10/25,3,8,Willapa Bay,,Tokeland,Channel,1142WDFW,,46.70773,-123.97457,5173187.67,Fukui,,CAMA,Female,58,
572,8/10/25,3,8,Willapa Bay,,Tokeland,Channel,1142WDFW,,46.70773,-123.97457,5173187.67,Fukui,,CAMA,Female,61,
573,8/10/25,3,8,Willapa Bay,,Tokeland,Channel,1142WDFW,,46.70773,-123.97457,5173187.67,Fukui,,CAMA,Female,53,
505,8/10/25,3,9,Willapa Bay,,Tokeland,Channel,1154WDFW,,46.70816,-123.97421,5173187.67,Minnow,,CAMA,Female,53,
506,8/10/25,3,9,Willapa Bay,,Tokeland,Channel,1154WDFW,,46.70816,-123.97421,5173187.67,Minnow,,CAMA,Female,52,
507,8/10/25,3,9,Willapa Bay,,Tokeland,Channel,1154WDFW,,46.70816,-123.97421,5173187.67,Minnow,,CAMA,Female,47,
584,8/10/25,3,10,Willapa Bay,,Tokeland,Channel,1613WDFW,,46.70744,-123.97429,5173187.67,Fukui,,CAMA,Male,57,
585,8/10/25,3,10,Willapa Bay,,Tokeland,Channel,1613WDFW,,46.70744,-123.97429,5173187.67,Fukui,,CAMA,Male,46,
586,8/10/25,3,10,Willapa Bay,,Tokeland,Channel,1613WDFW,,46.70744,-123.97429,5173187.67,Fukui,,CAMA,Male,71,
587,8/10/25,3,10,Willapa Bay,,Tokeland,Channel,1613WDFW,,46.70744,-123.97429,5173187.67,Fukui,,CAMA,Male,61,
588,8/10/25,3,10,Willapa Bay,,Tokeland,Channel,1613WDFW,,46.70744,-123.97429,5173187.67,Fukui,,CAMA,Male,85,
589,8/10/25,3,10,Willapa Bay,,Tokeland,Channel,1613WDFW,,46.70744,-123.97429,5173187.67,Fukui,,CAMA,Female,54,
590,8/10/25,3,10,Willapa Bay,,Tokeland,Channel,1613WDFW,,46.70744,-123.97429,5173187.67,Fukui,,CAMA,Female,54,
591,8/10/25,3,10,Willapa Bay,,Tokeland,Channel,1613WDFW,,46.70744,-123.97429,5173187.67,Fukui,,CAMA,Female,48,
592,8/10/25,3,10,Willapa Bay,,Tokeland,Channel,1613WDFW,,46.70744,-123.97429,5173187.67,Fukui,,CAMA,Female,46,
593,8/10/25,3,10,Willapa Bay,,Tokeland,Channel,1613WDFW,,46.70744,-123.97429,5173187.67,Fukui,,CAMA,Female,57,
594,8/10/25,3,10,Willapa Bay,,Tokeland,Channel,1613WDFW,,46.70744,-123.97429,5173187.67,Fukui,,CAMA,Female,50,
508,8/10/25,3,12,Willapa Bay,,Tokeland,Channel,1653WDFW,,46.70801,-123.97433,5173187.67,Fukui,,CAMA,Male,64,
509,8/10/25,3,12,Willapa Bay,,Tokeland,Channel,1653WDFW,,46.70801,-123.97433,5173187.67,Fukui,,CAMA,Male,49,
510,8/10/25,3,12,Willapa Bay,,Tokeland,Channel,1653WDFW,,46.70801,-123.97433,5173187.67,Fukui,,CAMA,Male,54,
511,8/10/25,3,12,Willapa Bay,,Tokeland,Channel,1653WDFW,,46.70801,-123.97433,5173187.67,Fukui,,CAMA,Male,38,
512,8/10/25,3,12,Willapa Bay,,Tokeland,Channel,1653WDFW,,46.70801,-123.97433,5173187.67,Fukui,,CAMA,Male,49,
513,8/10/25,3,12,Willapa Bay,,Tokeland,Channel,1653WDFW,,46.70801,-123.97433,5173187.67,Fukui,,CAMA,Female,53,
514,8/10/25,3,12,Willapa Bay,,Tokeland,Channel,1653WDFW,,46.70801,-123.97433,5173187.67,Fukui,,CAMA,Female,49,
515,8/10/25,3,12,Willapa Bay,,Tokeland,Channel,1653WDFW,,46.70801,-123.97433,5173187.67,Fukui,,CAMA,Female,56,
516,8/10/25,3,12,Willapa Bay,,Tokeland,Channel,1653WDFW,,46.70801,-123.97433,5173187.67,Fukui,,CAMA,Female,54,
517,8/10/25,3,12,Willapa Bay,,Tokeland,Channel,1653WDFW,,46.70801,-123.97433,5173187.67,Fukui,,CAMA,Female,31,
518,8/10/25,3,12,Willapa Bay,,Tokeland,Channel,1653WDFW,,46.70801,-123.97433,5173187.67,Fukui,,CAMA,Female,55,
519,8/10/25,3,12,Willapa Bay,,Tokeland,Channel,1653WDFW,,46.70801,-123.97433,5173187.67,Fukui,,CAMA,Female,49,
520,8/10/25,3,12,Willapa Bay,,Tokeland,Channel,1653WDFW,,46.70801,-123.97433,5173187.67,Fukui,,CAMA,Female,56,
521,8/10/25,3,12,Willapa Bay,,Tokeland,Channel,1653WDFW,,46.70801,-123.97433,5173187.67,Fukui,,CAMA,Female,49,
522,8/10/25,3,12,Willapa Bay,,Tokeland,Channel,1653WDFW,,46.70801,-123.97433,5173187.67,Fukui,,CAMA,Female,49,
523,8/10/25,3,12,Willapa Bay,,Tokeland,Channel,1653WDFW,,46.70801,-123.97433,5173187.67,Fukui,,CAMA,Female,55,
524,8/10/25,3,12,Willapa Bay,,Tokeland,Channel,1653WDFW,,46.70801,-123.97433,5173187.67,Fukui,,CAMA,Female,43,
525,8/10/25,3,12,Willapa Bay,,Tokeland,Channel,1653WDFW,,46.70801,-123.97433,5173187.67,Fukui,,CAMA,Female,54,
526,8/10/25,3,12,Willapa Bay,,Tokeland,Channel,1653WDFW,,46.70801,-123.97433,5173187.67,Fukui,,CAMA,Female,44,
527,8/10/25,3,12,Willapa Bay,,Tokeland,Channel,1653WDFW,,46.70801,-123.97433,5173187.67,Fukui,,CAMA,Female,53,
528,8/10/25,3,12,Willapa Bay,,Tokeland,Channel,1653WDFW,,46.70801,-123.97433,5173187.67,Fukui,,CAMA,Female,43,
529,8/10/25,3,12,Willapa Bay,,Tokeland,Channel,1653WDFW,,46.70801,-123.97433,5173187.67,Fukui,,CAMA,Female,51,
530,8/10/25,3,11,Willapa Bay,,Tokeland,Channel,1738WDFW,,46.70795,-123.97428,5173187.67,Minnow,,CAMA,Male,52,
531,8/10/25,3,11,Willapa Bay,,Tokeland,Channel,1738WDFW,,46.70795,-123.97428,5173187.67,Minnow,,CAMA,Male,48,
532,8/10/25,3,11,Willapa Bay,,Tokeland,Channel,1738WDFW,,46.70795,-123.97428,5173187.67,Minnow,,CAMA,Female,40,
533,8/10/25,3,11,Willapa Bay,,Tokeland,Channel,1738WDFW,,46.70795,-123.97428,5173187.67,Minnow,,CAMA,Female,50,
534,8/10/25,3,11,Willapa Bay,,Tokeland,Channel,1738WDFW,,46.70795,-123.97428,5173187.67,Minnow,,CAMA,Female,44,
606,8/10/25,3,13,Willapa Bay,,Tokeland,Channel,1968WDFW,,46.70792,-123.97412,5173187.67,Minnow,,CAMA,Male,47,
607,8/10/25,3,13,Willapa Bay,,Tokeland,Channel,1968WDFW,,46.70792,-123.97412,5173187.67,Minnow,,CAMA,Male,59,
608,8/10/25,3,13,Willapa Bay,,Tokeland,Channel,1968WDFW,,46.70792,-123.97412,5173187.67,Minnow,,CAMA,Male,56,
609,8/10/25,3,13,Willapa Bay,,Tokeland,Channel,1968WDFW,,46.70792,-123.97412,5173187.67,Minnow,,CAMA,Female,60,
610,8/10/25,3,13,Willapa Bay,,Tokeland,Channel,1968WDFW,,46.70792,-123.97412,5173187.67,Minnow,,CAMA,Female,57,
611,8/10/25,3,13,Willapa Bay,,Tokeland,Channel,1968WDFW,,46.70792,-123.97412,5173187.67,Minnow,,CAMA,Female,56,
612,8/10/25,3,13,Willapa Bay,,Tokeland,Channel,1968WDFW,,46.70792,-123.97412,5173187.67,Minnow,,CAMA,Female,51,
613,8/10/25,3,15,Willapa Bay,,Tokeland,Channel,2243WDFW,,46.70779,-123.97407,5173187.67,Minnow,,CAMA,Male,45,
614,8/10/25,3,15,Willapa Bay,,Tokeland,Channel,2243WDFW,,46.70779,-123.97407,5173187.67,Minnow,,CAMA,Male,46,
615,8/10/25,3,15,Willapa Bay,,Tokeland,Channel,2243WDFW,,46.70779,-123.97407,5173187.67,Minnow,,CAMA,Female,49,
616,8/10/25,3,15,Willapa Bay,,Tokeland,Channel,2243WDFW,,46.70779,-123.97407,5173187.67,Minnow,,CAMA,Female,47,
617,8/10/25,3,15,Willapa Bay,,Tokeland,Channel,2243WDFW,,46.70779,-123.97407,5173187.67,Minnow,,CAMA,Female,14,
562,8/10/25,3,14,Willapa Bay,,Tokeland,Channel,2273WDFW,,46.7079,-123.97463,5173187.67,Fukui,,CAMA,Male,43,
563,8/10/25,3,14,Willapa Bay,,Tokeland,Channel,2273WDFW,,46.7079,-123.97463,5173187.67,Fukui,,CAMA,Female,40,
564,8/10/25,3,14,Willapa Bay,,Tokeland,Channel,2273WDFW,,46.7079,-123.97463,5173187.67,Fukui,,CAMA,Female,48,
565,8/10/25,3,14,Willapa Bay,,Tokeland,Channel,2273WDFW,,46.7079,-123.97463,5173187.67,Fukui,,CAMA,Female,44,
566,8/10/25,3,14,Willapa Bay,,Tokeland,Channel,2273WDFW,,46.7079,-123.97463,5173187.67,Fukui,,CAMA,Female,44,
598,8/10/25,3,16,Willapa Bay,,Tokeland,Channel,2284WDFW,,46.70762,-123.97426,5173187.67,Fukui,,CAMA,Male,52,
599,8/10/25,3,16,Willapa Bay,,Tokeland,Channel,2284WDFW,,46.70762,-123.97426,5173187.67,Fukui,,CAMA,Male,55,
600,8/10/25,3,16,Willapa Bay,,Tokeland,Channel,2284WDFW,,46.70762,-123.97426,5173187.67,Fukui,,CAMA,Female,50,
601,8/10/25,3,16,Willapa Bay,,Tokeland,Channel,2284WDFW,,46.70762,-123.97426,5173187.67,Fukui,,CAMA,Female,45,
595,8/10/25,3,17,Willapa Bay,,Tokeland,Channel,2409WDFW,,46.70754,-123.97437,5173187.67,Minnow,,CAMA,Female,38,
596,8/10/25,3,17,Willapa Bay,,Tokeland,Channel,2409WDFW,,46.70754,-123.97437,5173187.67,Minnow,,CAMA,Female,37,
597,8/10/25,3,17,Willapa Bay,,Tokeland,Channel,2409WDFW,,46.70754,-123.97437,5173187.67,Minnow,,CAMA,Female,44,
559,8/10/25,3,18,Willapa Bay,,Tokeland,Channel,2903WDFW,,46.70772,-123.97445,5173187.67,Minnow,,CAMA,Male,46,
560,8/10/25,3,18,Willapa Bay,,Tokeland,Channel,2903WDFW,,46.70772,-123.97445,5173187.67,Minnow,,CAMA,Male,43,
561,8/10/25,3,18,Willapa Bay,,Tokeland,Channel,2903WDFW,,46.70772,-123.97445,5173187.67,Minnow,,CAMA,Female,44,
670,8/10/25,3,19,Willapa Bay,,Tokeland,Marsh,0411WDFW,1.66,46.70795,-123.97235,5173187.67,Minnow,,CAMA,Female,56,
683,8/10/25,3,21,Willapa Bay,,Tokeland,Marsh,0755WDFW,1.66,46.70797,-123.97199,5173187.67,Minnow,,CAMA,Male,43,
684,8/10/25,3,21,Willapa Bay,,Tokeland,Marsh,0755WDFW,1.66,46.70797,-123.97199,5173187.67,Minnow,,CAMA,Male,46,
685,8/10/25,3,21,Willapa Bay,,Tokeland,Marsh,0755WDFW,1.66,46.70797,-123.97199,5173187.67,Minnow,,CAMA,Female,55,
686,8/10/25,3,21,Willapa Bay,,Tokeland,Marsh,0755WDFW,1.66,46.70797,-123.97199,5173187.67,Minnow,,CAMA,Female,50,
687,8/10/25,3,21,Willapa Bay,,Tokeland,Marsh,0755WDFW,1.66,46.70797,-123.97199,5173187.67,Minnow,,CAMA,Female,40,
688,8/10/25,3,21,Willapa Bay,,Tokeland,Marsh,0755WDFW,1.66,46.70797,-123.97199,5173187.67,Minnow,,CAMA,Female,37,
665,8/10/25,3,23,Willapa Bay,,Tokeland,Marsh,0787WDFW,1.66,46.70788,-123.973,5173187.67,Minnow,,CAMA,Female,41,
666,8/10/25,3,23,Willapa Bay,,Tokeland,Marsh,0787WDFW,1.66,46.70788,-123.973,5173187.67,Minnow,,CAMA,Female,49,
667,8/10/25,3,23,Willapa Bay,,Tokeland,Marsh,0787WDFW,1.66,46.70788,-123.973,5173187.67,Minnow,,CAMA,Female,55,
668,8/10/25,3,23,Willapa Bay,,Tokeland,Marsh,0787WDFW,1.66,46.70788,-123.973,5173187.67,Minnow,,CAMA,Female,50,
502,8/10/25,3,25,Willapa Bay,,Tokeland,Marsh,0798WDFW,1.66,46.70825,-123.97428,5173187.67,Minnow,,CAMA,Male,50,
503,8/10/25,3,25,Willapa Bay,,Tokeland,Marsh,0798WDFW,1.66,46.70825,-123.97428,5173187.67,Minnow,,CAMA,Female,53,
504,8/10/25,3,25,Willapa Bay,,Tokeland,Marsh,0798WDFW,1.66,46.70825,-123.97428,5173187.67,Minnow,,CAMA,Female,50,
632,8/10/25,3,27,Willapa Bay,,Tokeland,Marsh,1180WDFW,1.66,46.7082,-123.97387,5173187.67,Minnow,,CAMA,Female,46,
633,8/10/25,3,27,Willapa Bay,,Tokeland,Marsh,1180WDFW,1.66,46.7082,-123.97387,5173187.67,Minnow,,CAMA,Female,54,Small abdomen
634,8/10/25,3,27,Willapa Bay,,Tokeland,Marsh,1180WDFW,1.66,46.7082,-123.97387,5173187.67,Minnow,,CAMA,Female,49,
635,8/10/25,3,27,Willapa Bay,,Tokeland,Marsh,1180WDFW,1.66,46.7082,-123.97387,5173187.67,Minnow,,CAMA,Male,55,
636,8/10/25,3,27,Willapa Bay,,Tokeland,Marsh,1180WDFW,1.66,46.7082,-123.97387,5173187.67,Minnow,,CAMA,Male,57,
637,8/10/25,3,27,Willapa Bay,,Tokeland,Marsh,1180WDFW,1.66,46.7082,-123.97387,5173187.67,Minnow,,CAMA,Male,56,
638,8/10/25,3,27,Willapa Bay,,Tokeland,Marsh,1180WDFW,1.66,46.7082,-123.97387,5173187.67,Minnow,,CAMA,Male,59,
669,8/10/25,3,29,Willapa Bay,,Tokeland,Marsh,1239WDFW,1.66,46.70786,-123.97267,5173187.67,Minnow,,CAMA,Female,13,
444,8/10/25,3,31,Willapa Bay,,Tokeland,Marsh,1244WDFW,1.66,46.70839,-123.97485,5173187.67,Minnow,,CAMA,Male,10,
445,8/10/25,3,31,Willapa Bay,,Tokeland,Marsh,1244WDFW,1.66,46.70839,-123.97485,5173187.67,Minnow,,CAMA,Male,40,
446,8/10/25,3,31,Willapa Bay,,Tokeland,Marsh,1244WDFW,1.66,46.70839,-123.97485,5173187.67,Minnow,,CAMA,Female,45,
447,8/10/25,3,31,Willapa Bay,,Tokeland,Marsh,1244WDFW,1.66,46.70839,-123.97485,5173187.67,Minnow,,CAMA,Female,47,
485,8/10/25,3,33,Willapa Bay,,Tokeland,Marsh,1246WDFW,1.66,46.70834,-123.97455,5173187.67,Minnow,,CAMA,Male,49,
486,8/10/25,3,33,Willapa Bay,,Tokeland,Marsh,1246WDFW,1.66,46.70834,-123.97455,5173187.67,Minnow,,CAMA,Male,45,
487,8/10/25,3,33,Willapa Bay,,Tokeland,Marsh,1246WDFW,1.66,46.70834,-123.97455,5173187.67,Minnow,,CAMA,Male,48,
488,8/10/25,3,33,Willapa Bay,,Tokeland,Marsh,1246WDFW,1.66,46.70834,-123.97455,5173187.67,Minnow,,CAMA,Female,50,
489,8/10/25,3,33,Willapa Bay,,Tokeland,Marsh,1246WDFW,1.66,46.70834,-123.97455,5173187.67,Minnow,,CAMA,Female,54,
490,8/10/25,3,33,Willapa Bay,,Tokeland,Marsh,1246WDFW,1.66,46.70834,-123.97455,5173187.67,Minnow,,CAMA,Female,54,
491,8/10/25,3,33,Willapa Bay,,Tokeland,Marsh,1246WDFW,1.66,46.70834,-123.97455,5173187.67,Minnow,,CAMA,Female,50,
492,8/10/25,3,33,Willapa Bay,,Tokeland,Marsh,1246WDFW,1.66,46.70834,-123.97455,5173187.67,Minnow,,CAMA,Female,43,
642,8/10/25,3,35,Willapa Bay,,Tokeland,Marsh,1267WDFW,1.66,46.70798,-123.97331,5173187.67,Minnow,,CAMA,Male,40,
643,8/10/25,3,35,Willapa Bay,,Tokeland,Marsh,1267WDFW,1.66,46.70798,-123.97331,5173187.67,Minnow,,CAMA,Female,46,
644,8/10/25,3,35,Willapa Bay,,Tokeland,Marsh,1267WDFW,1.66,46.70798,-123.97331,5173187.67,Minnow,,CAMA,Female,54,
438,8/10/25,3,20,Willapa Bay,,Tokeland,Marsh,1502WDFW,1.66,46.70845,-123.97498,5173187.67,Fukui,,CAMA,Male,46,
439,8/10/25,3,20,Willapa Bay,,Tokeland,Marsh,1502WDFW,1.66,46.70845,-123.97498,5173187.67,Fukui,,CAMA,Male,52,
440,8/10/25,3,20,Willapa Bay,,Tokeland,Marsh,1502WDFW,1.66,46.70845,-123.97498,5173187.67,Fukui,,CAMA,Male,39,
441,8/10/25,3,20,Willapa Bay,,Tokeland,Marsh,1502WDFW,1.66,46.70845,-123.97498,5173187.67,Fukui,,CAMA,Female,49,
442,8/10/25,3,20,Willapa Bay,,Tokeland,Marsh,1502WDFW,1.66,46.70845,-123.97498,5173187.67,Fukui,,CAMA,Female,54,
443,8/10/25,3,20,Willapa Bay,,Tokeland,Marsh,1502WDFW,1.66,46.70845,-123.97498,5173187.67,Fukui,,CAMA,Female,57,
448,8/10/25,3,22,Willapa Bay,,Tokeland,Marsh,1614WDFW,1.66,46.70836,-123.97471,5173187.67,Fukui,,CAMA,Male,78,
449,8/10/25,3,22,Willapa Bay,,Tokeland,Marsh,1614WDFW,1.66,46.70836,-123.97471,5173187.67,Fukui,,CAMA,Male,70,
450,8/10/25,3,22,Willapa Bay,,Tokeland,Marsh,1614WDFW,1.66,46.70836,-123.97471,5173187.67,Fukui,,CAMA,Male,70,
451,8/10/25,3,22,Willapa Bay,,Tokeland,Marsh,1614WDFW,1.66,46.70836,-123.97471,5173187.67,Fukui,,CAMA,Male,65,
452,8/10/25,3,22,Willapa Bay,,Tokeland,Marsh,1614WDFW,1.66,46.70836,-123.97471,5173187.67,Fukui,,CAMA,Male,60,
453,8/10/25,3,22,Willapa Bay,,Tokeland,Marsh,1614WDFW,1.66,46.70836,-123.97471,5173187.67,Fukui,,CAMA,Male,50,
454,8/10/25,3,22,Willapa Bay,,Tokeland,Marsh,1614WDFW,1.66,46.70836,-123.97471,5173187.67,Fukui,,CAMA,Male,77,
455,8/10/25,3,22,Willapa Bay,,Tokeland,Marsh,1614WDFW,1.66,46.70836,-123.97471,5173187.67,Fukui,,CAMA,Male,49,
456,8/10/25,3,22,Willapa Bay,,Tokeland,Marsh,1614WDFW,1.66,46.70836,-123.97471,5173187.67,Fukui,,CAMA,Male,53,
457,8/10/25,3,22,Willapa Bay,,Tokeland,Marsh,1614WDFW,1.66,46.70836,-123.97471,5173187.67,Fukui,,CAMA,Male,55,
458,8/10/25,3,22,Willapa Bay,,Tokeland,Marsh,1614WDFW,1.66,46.70836,-123.97471,5173187.67,Fukui,,CAMA,Male,41,
459,8/10/25,3,22,Willapa Bay,,Tokeland,Marsh,1614WDFW,1.66,46.70836,-123.97471,5173187.67,Fukui,,CAMA,Male,50,
460,8/10/25,3,22,Willapa Bay,,Tokeland,Marsh,1614WDFW,1.66,46.70836,-123.97471,5173187.67,Fukui,,CAMA,Male,57,
461,8/10/25,3,22,Willapa Bay,,Tokeland,Marsh,1614WDFW,1.66,46.70836,-123.97471,5173187.67,Fukui,,CAMA,Male,58,
462,8/10/25,3,22,Willapa Bay,,Tokeland,Marsh,1614WDFW,1.66,46.70836,-123.97471,5173187.67,Fukui,,CAMA,Male,45,
463,8/10/25,3,22,Willapa Bay,,Tokeland,Marsh,1614WDFW,1.66,46.70836,-123.97471,5173187.67,Fukui,,CAMA,Male,50,Bump on carapace
464,8/10/25,3,22,Willapa Bay,,Tokeland,Marsh,1614WDFW,1.66,46.70836,-123.97471,5173187.67,Fukui,,CAMA,Male,50,
465,8/10/25,3,22,Willapa Bay,,Tokeland,Marsh,1614WDFW,1.66,46.70836,-123.97471,5173187.67,Fukui,,CAMA,Male,61,
466,8/10/25,3,22,Willapa Bay,,Tokeland,Marsh,1614WDFW,1.66,46.70836,-123.97471,5173187.67,Fukui,,CAMA,Female,59,
467,8/10/25,3,22,Willapa Bay,,Tokeland,Marsh,1614WDFW,1.66,46.70836,-123.97471,5173187.67,Fukui,,CAMA,Female,79,
468,8/10/25,3,22,Willapa Bay,,Tokeland,Marsh,1614WDFW,1.66,46.70836,-123.97471,5173187.67,Fukui,,CAMA,Female,58,
469,8/10/25,3,22,Willapa Bay,,Tokeland,Marsh,1614WDFW,1.66,46.70836,-123.97471,5173187.67,Fukui,,CAMA,Female,56,
470,8/10/25,3,22,Willapa Bay,,Tokeland,Marsh,1614WDFW,1.66,46.70836,-123.97471,5173187.67,Fukui,,CAMA,Female,58,
471,8/10/25,3,22,Willapa Bay,,Tokeland,Marsh,1614WDFW,1.66,46.70836,-123.97471,5173187.67,Fukui,,CAMA,Female,50,
472,8/10/25,3,22,Willapa Bay,,Tokeland,Marsh,1614WDFW,1.66,46.70836,-123.97471,5173187.67,Fukui,,CAMA,Female,54,
473,8/10/25,3,22,Willapa Bay,,Tokeland,Marsh,1614WDFW,1.66,46.70836,-123.97471,5173187.67,Fukui,,CAMA,Female,56,
474,8/10/25,3,22,Willapa Bay,,Tokeland,Marsh,1614WDFW,1.66,46.70836,-123.97471,5173187.67,Fukui,,CAMA,Female,46,
475,8/10/25,3,22,Willapa Bay,,Tokeland,Marsh,1614WDFW,1.66,46.70836,-123.97471,5173187.67,Fukui,,CAMA,Female,51,
476,8/10/25,3,22,Willapa Bay,,Tokeland,Marsh,1614WDFW,1.66,46.70836,-123.97471,5173187.67,Fukui,,CAMA,Female,45,
477,8/10/25,3,22,Willapa Bay,,Tokeland,Marsh,1614WDFW,1.66,46.70836,-123.97471,5173187.67,Fukui,,CAMA,Female,51,
478,8/10/25,3,22,Willapa Bay,,Tokeland,Marsh,1614WDFW,1.66,46.70836,-123.97471,5173187.67,Fukui,,CAMA,Female,53,
479,8/10/25,3,22,Willapa Bay,,Tokeland,Marsh,1614WDFW,1.66,46.70836,-123.97471,5173187.67,Fukui,,CAMA,Female,56,
480,8/10/25,3,22,Willapa Bay,,Tokeland,Marsh,1614WDFW,1.66,46.70836,-123.97471,5173187.67,Fukui,,CAMA,Female,44,
481,8/10/25,3,22,Willapa Bay,,Tokeland,Marsh,1614WDFW,1.66,46.70836,-123.97471,5173187.67,Fukui,,CAMA,Female,50,
482,8/10/25,3,22,Willapa Bay,,Tokeland,Marsh,1614WDFW,1.66,46.70836,-123.97471,5173187.67,Fukui,,CAMA,Female,50,
483,8/10/25,3,22,Willapa Bay,,Tokeland,Marsh,1614WDFW,1.66,46.70836,-123.97471,5173187.67,Fukui,,CAMA,Female,54,
484,8/10/25,3,22,Willapa Bay,,Tokeland,Marsh,1614WDFW,1.66,46.70836,-123.97471,5173187.67,Fukui,,CAMA,Female,50,
678,8/10/25,3,24,Willapa Bay,,Tokeland,Marsh,1619WDFW,1.66,46.70786,-123.97253,5173187.67,Fukui,,CAMA,Male,30,
679,8/10/25,3,24,Willapa Bay,,Tokeland,Marsh,1619WDFW,1.66,46.70786,-123.97253,5173187.67,Fukui,,CAMA,Male,42,
680,8/10/25,3,24,Willapa Bay,,Tokeland,Marsh,1619WDFW,1.66,46.70786,-123.97253,5173187.67,Fukui,,CAMA,Male,36,
681,8/10/25,3,24,Willapa Bay,,Tokeland,Marsh,1619WDFW,1.66,46.70786,-123.97253,5173187.67,Fukui,,CAMA,Female,43,
682,8/10/25,3,24,Willapa Bay,,Tokeland,Marsh,1619WDFW,1.66,46.70786,-123.97253,5173187.67,Fukui,,CAMA,Female,52,
671,8/10/25,3,26,Willapa Bay,,Tokeland,Marsh,1629WDFW,1.66,46.70786,-123.97253,5173187.67,Fukui,,CAMA,Male,73,
672,8/10/25,3,26,Willapa Bay,,Tokeland,Marsh,1629WDFW,1.66,46.70786,-123.97253,5173187.67,Fukui,,CAMA,Male,81,
673,8/10/25,3,26,Willapa Bay,,Tokeland,Marsh,1629WDFW,1.66,46.70786,-123.97253,5173187.67,Fukui,,CAMA,Male,68,
674,8/10/25,3,26,Willapa Bay,,Tokeland,Marsh,1629WDFW,1.66,46.70786,-123.97253,5173187.67,Fukui,,CAMA,Female,57,
675,8/10/25,3,26,Willapa Bay,,Tokeland,Marsh,1629WDFW,1.66,46.70786,-123.97253,5173187.67,Fukui,,CAMA,Female,46,
676,8/10/25,3,26,Willapa Bay,,Tokeland,Marsh,1629WDFW,1.66,46.70786,-123.97253,5173187.67,Fukui,,CAMA,Female,56,
677,8/10/25,3,26,Willapa Bay,,Tokeland,Marsh,1629WDFW,1.66,46.70786,-123.97253,5173187.67,Fukui,,CAMA,Female,49,
639,8/10/25,3,28,Willapa Bay,,Tokeland,Marsh,1684WDFW,1.66,46.70803,-123.97346,5173187.67,Fukui,,CAMA,Male,60,
640,8/10/25,3,28,Willapa Bay,,Tokeland,Marsh,1684WDFW,1.66,46.70803,-123.97346,5173187.67,Fukui,,CAMA,Male,64,
641,8/10/25,3,28,Willapa Bay,,Tokeland,Marsh,1684WDFW,1.66,46.70803,-123.97346,5173187.67,Fukui,,CAMA,Female,57,
645,8/10/25,3,30,Willapa Bay,,Tokeland,Marsh,1777WDFW,1.66,46.70812,-123.97373,5173187.67,Fukui,,CAMA,Male,50,
646,8/10/25,3,30,Willapa Bay,,Tokeland,Marsh,1777WDFW,1.66,46.70812,-123.97373,5173187.67,Fukui,,CAMA,Male,80,
647,8/10/25,3,30,Willapa Bay,,Tokeland,Marsh,1777WDFW,1.66,46.70812,-123.97373,5173187.67,Fukui,,CAMA,Male,64,
648,8/10/25,3,30,Willapa Bay,,Tokeland,Marsh,1777WDFW,1.66,46.70812,-123.97373,5173187.67,Fukui,,CAMA,Male,55,
649,8/10/25,3,30,Willapa Bay,,Tokeland,Marsh,1777WDFW,1.66,46.70812,-123.97373,5173187.67,Fukui,,CAMA,Female,55,
650,8/10/25,3,30,Willapa Bay,,Tokeland,Marsh,1777WDFW,1.66,46.70812,-123.97373,5173187.67,Fukui,,CAMA,Female,53,
623,8/10/25,3,32,Willapa Bay,,Tokeland,Marsh,1898WDFW,1.66,46.70818,-123.97402,5173187.67,Fukui,,CAMA,Male,60,
624,8/10/25,3,32,Willapa Bay,,Tokeland,Marsh,1898WDFW,1.66,46.70818,-123.97402,5173187.67,Fukui,,CAMA,Male,61,
625,8/10/25,3,32,Willapa Bay,,Tokeland,Marsh,1898WDFW,1.66,46.70818,-123.97402,5173187.67,Fukui,,CAMA,Male,47,
626,8/10/25,3,32,Willapa Bay,,Tokeland,Marsh,1898WDFW,1.66,46.70818,-123.97402,5173187.67,Fukui,,CAMA,Female,54,
627,8/10/25,3,32,Willapa Bay,,Tokeland,Marsh,1898WDFW,1.66,46.70818,-123.97402,5173187.67,Fukui,,CAMA,Female,51,
628,8/10/25,3,32,Willapa Bay,,Tokeland,Marsh,1898WDFW,1.66,46.70818,-123.97402,5173187.67,Fukui,,CAMA,Female,57,
629,8/10/25,3,32,Willapa Bay,,Tokeland,Marsh,1898WDFW,1.66,46.70818,-123.97402,5173187.67,Fukui,,CAMA,Female,52,
630,8/10/25,3,32,Willapa Bay,,Tokeland,Marsh,1898WDFW,1.66,46.70818,-123.97402,5173187.67,Fukui,,CAMA,Female,55,
631,8/10/25,3,32,Willapa Bay,,Tokeland,Marsh,1898WDFW,1.66,46.70818,-123.97402,5173187.67,Fukui,,CAMA,Female,54,
493,8/10/25,3,34,Willapa Bay,,Tokeland,Marsh,2288WDFW,1.66,46.70833,-123.97443,5173187.67,Fukui,,CAMA,Male,55,
494,8/10/25,3,34,Willapa Bay,,Tokeland,Marsh,2288WDFW,1.66,46.70833,-123.97443,5173187.67,Fukui,,CAMA,Male,60,
495,8/10/25,3,34,Willapa Bay,,Tokeland,Marsh,2288WDFW,1.66,46.70833,-123.97443,5173187.67,Fukui,,CAMA,Male,57,
496,8/10/25,3,34,Willapa Bay,,Tokeland,Marsh,2288WDFW,1.66,46.70833,-123.97443,5173187.67,Fukui,,CAMA,Female,54,
497,8/10/25,3,34,Willapa Bay,,Tokeland,Marsh,2288WDFW,1.66,46.70833,-123.97443,5173187.67,Fukui,,CAMA,Female,58,
498,8/10/25,3,34,Willapa Bay,,Tokeland,Marsh,2288WDFW,1.66,46.70833,-123.97443,5173187.67,Fukui,,CAMA,Female,52,
499,8/10/25,3,34,Willapa Bay,,Tokeland,Marsh,2288WDFW,1.66,46.70833,-123.97443,5173187.67,Fukui,,CAMA,Female,54,
500,8/10/25,3,34,Willapa Bay,,Tokeland,Marsh,2288WDFW,1.66,46.70833,-123.97443,5173187.67,Fukui,,CAMA,Female,54,
501,8/10/25,3,34,Willapa Bay,,Tokeland,Marsh,2288WDFW,1.66,46.70833,-123.97443,5173187.67,Fukui,,CAMA,Female,59,
651,8/10/25,3,36,Willapa Bay,,Tokeland,Marsh,2294WDFW,1.66,46.70794,-123.97315,5173187.67,Fukui,,CAMA,Male,80,
652,8/10/25,3,36,Willapa Bay,,Tokeland,Marsh,2294WDFW,1.66,46.70794,-123.97315,5173187.67,Fukui,,CAMA,Male,73,
653,8/10/25,3,36,Willapa Bay,,Tokeland,Marsh,2294WDFW,1.66,46.70794,-123.97315,5173187.67,Fukui,,CAMA,Male,74,
654,8/10/25,3,36,Willapa Bay,,Tokeland,Marsh,2294WDFW,1.66,46.70794,-123.97315,5173187.67,Fukui,,CAMA,Male,55,
655,8/10/25,3,36,Willapa Bay,,Tokeland,Marsh,2294WDFW,1.66,46.70794,-123.97315,5173187.67,Fukui,,CAMA,Male,59,
656,8/10/25,3,36,Willapa Bay,,Tokeland,Marsh,2294WDFW,1.66,46.70794,-123.97315,5173187.67,Fukui,,CAMA,Male,58,
657,8/10/25,3,36,Willapa Bay,,Tokeland,Marsh,2294WDFW,1.66,46.70794,-123.97315,5173187.67,Fukui,,CAMA,Male,76,
658,8/10/25,3,36,Willapa Bay,,Tokeland,Marsh,2294WDFW,1.66,46.70794,-123.97315,5173187.67,Fukui,,CAMA,Male,73,
659,8/10/25,3,36,Willapa Bay,,Tokeland,Marsh,2294WDFW,1.66,46.70794,-123.97315,5173187.67,Fukui,,CAMA,Female,56,
660,8/10/25,3,36,Willapa Bay,,Tokeland,Marsh,2294WDFW,1.66,46.70794,-123.97315,5173187.67,Fukui,,CAMA,Female,51,
661,8/10/25,3,36,Willapa Bay,,Tokeland,Marsh,2294WDFW,1.66,46.70794,-123.97315,5173187.67,Fukui,,CAMA,Female,55,
662,8/10/25,3,36,Willapa Bay,,Tokeland,Marsh,2294WDFW,1.66,46.70794,-123.97315,5173187.67,Fukui,,CAMA,Female,49,
663,8/10/25,3,36,Willapa Bay,,Tokeland,Marsh,2294WDFW,1.66,46.70794,-123.97315,5173187.67,Fukui,,CAMA,Female,61,
664,8/10/25,3,36,Willapa Bay,,Tokeland,Marsh,2294WDFW,1.66,46.70794,-123.97315,5173187.67,Fukui,,CAMA,Female,44,